4032420,Neiafu,"{'temp': 302.15, 'feels_like': 302.86, 'temp_min': 302.15, 'temp_max': 302.15, 'pressure': 1010, 'humidity': 74}"
1259638,Pindwāra,"{'temp': 297.69, 'feels_like': 294.22, 'temp_min': 297.69, 'temp_max': 297.69, 'pressure': 1016, 'humidity': 52, 'sea_level': 1016, 'grnd_level': 973}"
3354071,Oranjemund,"{'temp': 289.35, 'feels_like': 289.95, 'temp_min': 289.35, 'temp_max': 289.35, 'pressure': 1015, 'humidity': 87, 'sea_level': 1015, 'grnd_level': 1012}"
5855927,Hilo,"{'temp': 294.94, 'feels_like': 295.74, 'temp_min': 293.15, 'temp_max': 297.15, 'pressure': 1016, 'humidity': 73}"
2163355,Hobart,"{'temp': 292.23, 'feels_like': 285.85, 'temp_min': 289.15, 'temp_max': 293.71, 'pressure': 1030, 'humidity': 51}"
3448257,São Sebastião,"{'temp': 295.7, 'feels_like': 297.73, 'temp_min': 295.7, 'temp_max': 295.7, 'pressure': 1013, 'humidity': 88, 'sea_level': 1013, 'grnd_level': 1013}"
2112309,Katsuura,"{'temp': 287.74, 'feels_like': 285.62, 'temp_min': 285.93, 'temp_max': 288.71, 'pressure': 1015, 'humidity': 63}"
4020109,Atuona,"{'temp': 299.32, 'feels_like': 297.71, 'temp_min': 299.32, 'temp_max': 299.32, 'pressure': 1014, 'humidity': 76, 'sea_level': 1014, 'grnd_level': 1011}"
2264557,Ponta do Sol,"{'temp': 287.24, 'feels_like': 285.15, 'temp_min': 285.37, 'temp_max': 289.15, 'pressure': 1027, 'humidity': 77}"
4722062,Redwater,"{'temp': 287.3, 'feels_like': 284, 'temp_min': 285.93, 'temp_max': 288.15, 'pressure': 1015, 'humidity': 54}"
3114530,Palencia,"{'temp': 284.46, 'feels_like': 281.66, 'temp_min': 283.71, 'temp_max': 284.82, 'pressure': 1009, 'humidity': 91}"
1273077,Dewā,"{'temp': 288.15, 'feels_like': 286.77, 'temp_min': 288.15, 'temp_max': 288.15, 'pressure': 1017, 'humidity': 82}"
3369157,Cape Town,"{'temp': 290.49, 'feels_like': 290.06, 'temp_min': 289.82, 'temp_max': 291.48, 'pressure': 1013, 'humidity': 88}"
3466165,Cidreira,"{'temp': 294.71, 'feels_like': 291.49, 'temp_min': 294.71, 'temp_max': 294.71, 'pressure': 1010, 'humidity': 85, 'sea_level': 1010, 'grnd_level': 1009}"
6355222,Yulara,"{'temp': 301.15, 'feels_like': 297.31, 'temp_min': 301.15, 'temp_max': 301.15, 'pressure': 1012, 'humidity': 39}"
1254046,Tura,"{'temp': 296.84, 'feels_like': 297.04, 'temp_min': 296.84, 'temp_max': 296.84, 'pressure': 1016, 'humidity': 48, 'sea_level': 1016, 'grnd_level': 973}"
2110227,Butaritari,"{'temp': 300.82, 'feels_like': 303.15, 'temp_min': 300.82, 'temp_max': 300.82, 'pressure': 1006, 'humidity': 77, 'sea_level': 1006, 'grnd_level': 1005}"
1651810,Airai,"{'temp': 296.55, 'feels_like': 299.72, 'temp_min': 296.55, 'temp_max': 296.55, 'pressure': 1007, 'humidity': 83, 'sea_level': 1007, 'grnd_level': 855}"
1505579,Inta,"{'temp': 264.49, 'feels_like': 254.59, 'temp_min': 264.49, 'temp_max': 264.49, 'pressure': 1026, 'humidity': 95, 'sea_level': 1026, 'grnd_level': 1018}"
693379,Snihurivka,"{'temp': 273.15, 'feels_like': 264.58, 'temp_min': 273.15, 'temp_max': 273.15, 'pressure': 1017, 'humidity': 86}"
5847411,Kahului,"{'temp': 296.46, 'feels_like': 297.11, 'temp_min': 294.82, 'temp_max': 299.15, 'pressure': 1015, 'humidity': 65}"
4465088,Elizabeth City,"{'temp': 276.73, 'feels_like': 274.15, 'temp_min': 276.15, 'temp_max': 277.15, 'pressure': 1025, 'humidity': 100}"
2514651,Los Llanos de Aridane,"{'temp': 289.06, 'feels_like': 285.54, 'temp_min': 287.04, 'temp_max': 292.15, 'pressure': 1026, 'humidity': 68}"
3443061,Chui,"{'temp': 292.33, 'feels_like': 291.4, 'temp_min': 292.33, 'temp_max': 292.33, 'pressure': 1007, 'humidity': 85, 'sea_level': 1007, 'grnd_level': 1006}"
1507390,Dikson,"{'temp': 251.46, 'feels_like': 239.25, 'temp_min': 251.46, 'temp_max': 251.46, 'pressure': 1019, 'humidity': 87, 'sea_level': 1019, 'grnd_level': 1012}"
2015852,Svetlaya,"{'temp': 270.59, 'feels_like': 266.43, 'temp_min': 270.59, 'temp_max': 270.59, 'pressure': 1013, 'humidity': 80, 'sea_level': 1013, 'grnd_level': 1013}"
4030556,Rikitea,"{'temp': 298.32, 'feels_like': 298.42, 'temp_min': 298.32, 'temp_max': 298.32, 'pressure': 1019, 'humidity': 79, 'sea_level': 1019, 'grnd_level': 1016}"
2137773,Vao,"{'temp': 298.62, 'feels_like': 297.41, 'temp_min': 298.62, 'temp_max': 298.62, 'pressure': 1011, 'humidity': 86, 'sea_level': 1011, 'grnd_level': 1005}"
556268,Ostrovnoy,"{'temp': 271.66, 'feels_like': 265.09, 'temp_min': 271.66, 'temp_max': 271.66, 'pressure': 1021, 'humidity': 96, 'sea_level': 1021, 'grnd_level': 1018}"
3833367,Ushuaia,"{'temp': 280.78, 'feels_like': 278.06, 'temp_min': 280.78, 'temp_max': 280.78, 'pressure': 991, 'humidity': 85, 'sea_level': 991, 'grnd_level': 985}"
964420,Port Elizabeth,"{'temp': 292.15, 'feels_like': 293.41, 'temp_min': 292.15, 'temp_max': 292.15, 'pressure': 1011, 'humidity': 93}"
6185377,Yellowknife,"{'temp': 251.31, 'feels_like': 245.43, 'temp_min': 251.15, 'temp_max': 251.48, 'pressure': 1027, 'humidity': 83}"
2449893,Tessalit,"{'temp': 288.17, 'feels_like': 282.5, 'temp_min': 288.17, 'temp_max': 288.17, 'pressure': 1017, 'humidity': 26, 'sea_level': 1017, 'grnd_level': 955}"
5880054,Barrow,"{'temp': 251.15, 'feels_like': 243.4, 'temp_min': 251.15, 'temp_max': 251.15, 'pressure': 1033, 'humidity': 69}"
2090021,Namatanai,"{'temp': 302.3, 'feels_like': 303.75, 'temp_min': 302.3, 'temp_max': 302.3, 'pressure': 1006, 'humidity': 69, 'sea_level': 1006, 'grnd_level': 1000}"
3652764,Puerto Ayora,"{'temp': 295.37, 'feels_like': 298.63, 'temp_min': 295.37, 'temp_max': 295.37, 'pressure': 1013, 'humidity': 93}"
2427697,Moïssala,"{'temp': 293.71, 'feels_like': 291.18, 'temp_min': 293.71, 'temp_max': 293.71, 'pressure': 1011, 'humidity': 27, 'sea_level': 1011, 'grnd_level': 967}"
5848280,Kapaa,"{'temp': 297.62, 'feels_like': 298.22, 'temp_min': 296.48, 'temp_max': 299.15, 'pressure': 1016, 'humidity': 74}"
1507116,Dudinka,"{'temp': 242.15, 'feels_like': 236.15, 'temp_min': 242.15, 'temp_max': 242.15, 'pressure': 1026, 'humidity': 67}"
3628473,San Cristobal,"{'temp': 291.39, 'feels_like': 293.07, 'temp_min': 291.39, 'temp_max': 291.39, 'pressure': 1014, 'humidity': 92, 'sea_level': 1014, 'grnd_level': 908}"
2028164,Deputatsky,"{'temp': 236.69, 'feels_like': 231.49, 'temp_min': 236.69, 'temp_max': 236.69, 'pressure': 1025, 'humidity': 82, 'sea_level': 1025, 'grnd_level': 944}"
3530839,China,"{'temp': 291.82, 'feels_like': 289.11, 'temp_min': 291.82, 'temp_max': 291.82, 'pressure': 1013, 'humidity': 75, 'sea_level': 1013, 'grnd_level': 996}"
2075265,Busselton,"{'temp': 305.5, 'feels_like': 307.1, 'temp_min': 304.82, 'temp_max': 305.93, 'pressure': 1006, 'humidity': 39}"
3572924,Alice Town,"{'temp': 294.54, 'feels_like': 291.79, 'temp_min': 294.54, 'temp_max': 294.54, 'pressure': 1021, 'humidity': 55, 'sea_level': 1021, 'grnd_level': 1021}"
1282256,Hithadhoo,"{'temp': 301.08, 'feels_like': 302.25, 'temp_min': 301.08, 'temp_max': 301.08, 'pressure': 1012, 'humidity': 75, 'sea_level': 1012, 'grnd_level': 1012}"
3874787,Punta Arenas,"{'temp': 279.98, 'feels_like': 276.45, 'temp_min': 279.82, 'temp_max': 280.15, 'pressure': 992, 'humidity': 81}"
1529102,Ürümqi,"{'temp': 259.15, 'feels_like': 254.38, 'temp_min': 259.15, 'temp_max': 259.15, 'pressure': 1032, 'humidity': 92}"
3372707,Ribeira Grande,"{'temp': 290.76, 'feels_like': 286.15, 'temp_min': 290.76, 'temp_max': 290.76, 'pressure': 1024, 'humidity': 90, 'sea_level': 1024, 'grnd_level': 1021}"
546105,Nikolskoye,"{'temp': 265.11, 'feels_like': 259.17, 'temp_min': 264.82, 'temp_max': 265.37, 'pressure': 1023, 'humidity': 78}"
964432,Port Alfred,"{'temp': 294.47, 'feels_like': 296.52, 'temp_min': 294.47, 'temp_max': 294.47, 'pressure': 1010, 'humidity': 83, 'sea_level': 1010, 'grnd_level': 1008}"
6165406,Thompson,"{'temp': 253.15, 'feels_like': 248.48, 'temp_min': 253.15, 'temp_max': 253.15, 'pressure': 1022, 'humidity': 83}"
2017155,Saskylakh,"{'temp': 244.42, 'feels_like': 236.84, 'temp_min': 244.42, 'temp_max': 244.42, 'pressure': 1025, 'humidity': 86, 'sea_level': 1025, 'grnd_level': 1024}"
3421719,Narsaq,"{'temp': 263.15, 'feels_like': 258.09, 'temp_min': 263.15, 'temp_max': 263.15, 'pressure': 1005, 'humidity': 43}"
88533,Awjilah,"{'temp': 281.3, 'feels_like': 278.1, 'temp_min': 281.3, 'temp_max': 281.3, 'pressure': 1019, 'humidity': 58, 'sea_level': 1019, 'grnd_level': 1013}"
5106841,Albany,"{'temp': 273.41, 'feels_like': 270.31, 'temp_min': 272.04, 'temp_max': 274.82, 'pressure': 1019, 'humidity': 84}"
4034551,Faanui,"{'temp': 300.13, 'feels_like': 299.95, 'temp_min': 300.13, 'temp_max': 300.13, 'pressure': 1013, 'humidity': 75, 'sea_level': 1013, 'grnd_level': 1005}"
2206939,Bluff,"{'temp': 281.48, 'feels_like': 277.25, 'temp_min': 281.48, 'temp_max': 281.48, 'pressure': 1004, 'humidity': 89}"
6201424,Mataura,"{'temp': 281.48, 'feels_like': 277.25, 'temp_min': 281.48, 'temp_max': 281.48, 'pressure': 1004, 'humidity': 89}"
1488903,Turukhansk,"{'temp': 241.02, 'feels_like': 235.16, 'temp_min': 241.02, 'temp_max': 241.02, 'pressure': 1031, 'humidity': 82, 'sea_level': 1031, 'grnd_level': 1025}"
3374210,São Filipe,"{'temp': 296.23, 'feels_like': 296.33, 'temp_min': 296.23, 'temp_max': 296.23, 'pressure': 1015, 'humidity': 72, 'sea_level': 1015, 'grnd_level': 1009}"
5866583,Saint Paul Harbor,"{'temp': 266.15, 'feels_like': 261.34, 'temp_min': 266.15, 'temp_max': 266.15, 'pressure': 1018, 'humidity': 85}"
2119538,Yelizovo,"{'temp': 269.15, 'feels_like': 263.78, 'temp_min': 269.15, 'temp_max': 269.15, 'pressure': 1003, 'humidity': 49}"
3664659,Carauari,"{'temp': 296.57, 'feels_like': 301.2, 'temp_min': 296.57, 'temp_max': 296.57, 'pressure': 1010, 'humidity': 97, 'sea_level': 1010, 'grnd_level': 1001}"
933211,Nokaneng,"{'temp': 297.74, 'feels_like': 297.51, 'temp_min': 297.74, 'temp_max': 297.74, 'pressure': 1010, 'humidity': 64, 'sea_level': 1010, 'grnd_level': 906}"
934322,Mahébourg,"{'temp': 299.15, 'feels_like': 298.68, 'temp_min': 299.15, 'temp_max': 299.15, 'pressure': 1017, 'humidity': 61}"
2015306,Tiksi,"{'temp': 239.85, 'feels_like': 233.5, 'temp_min': 239.85, 'temp_max': 239.85, 'pressure': 1024, 'humidity': 85, 'sea_level': 1024, 'grnd_level': 1019}"
5882953,Aklavik,"{'temp': 253.15, 'feels_like': 246.97, 'temp_min': 253.15, 'temp_max': 253.15, 'pressure': 1032, 'humidity': 83, 'sea_level': 1032, 'grnd_level': 1031}"
1629974,Rantepao,"{'temp': 302.82, 'feels_like': 305.13, 'temp_min': 302.82, 'temp_max': 302.82, 'pressure': 1008, 'humidity': 53, 'sea_level': 1008, 'grnd_level': 923}"
2074865,Carnarvon,"{'temp': 301.15, 'feels_like': 298.22, 'temp_min': 301.15, 'temp_max': 301.15, 'pressure': 1004, 'humidity': 61}"
1218612,Murgab,"{'temp': 271.15, 'feels_like': 266.48, 'temp_min': 271.15, 'temp_max': 271.15, 'pressure': 1033, 'humidity': 86}"
1621313,Ambulu,"{'temp': 301.26, 'feels_like': 305.31, 'temp_min': 301.26, 'temp_max': 301.26, 'pressure': 1008, 'humidity': 80, 'sea_level': 1008, 'grnd_level': 1005}"
2925832,Forst,"{'temp': 272.04, 'feels_like': 269.45, 'temp_min': 272.04, 'temp_max': 272.04, 'pressure': 1005, 'humidity': 93}"
4362001,Mayo,"{'temp': 276.75, 'feels_like': 272.96, 'temp_min': 276.15, 'temp_max': 277.15, 'pressure': 1024, 'humidity': 100}"
1806445,Ji’an,"{'temp': 289.4, 'feels_like': 285.99, 'temp_min': 289.4, 'temp_max': 289.4, 'pressure': 1019, 'humidity': 54, 'sea_level': 1019, 'grnd_level': 1011}"
935214,Saint-Pierre,"{'temp': 295.09, 'feels_like': 287.77, 'temp_min': 290.93, 'temp_max': 299.15, 'pressure': 1016, 'humidity': 61}"
1015776,Bredasdorp,"{'temp': 288.15, 'feels_like': 287.99, 'temp_min': 288.15, 'temp_max': 288.15, 'pressure': 1011, 'humidity': 87}"
705544,Kobelyaky,"{'temp': 270.34, 'feels_like': 263.52, 'temp_min': 270.34, 'temp_max': 270.34, 'pressure': 1025, 'humidity': 91, 'sea_level': 1025, 'grnd_level': 1014}"
3472404,Alvorada,"{'temp': 296.07, 'feels_like': 298.94, 'temp_min': 296.07, 'temp_max': 296.07, 'pressure': 1011, 'humidity': 82, 'sea_level': 1011, 'grnd_level': 978}"
6111862,Port Hardy,"{'temp': 277.92, 'feels_like': 275.7, 'temp_min': 277.15, 'temp_max': 279.15, 'pressure': 1014, 'humidity': 100}"
3838859,Río Gallegos,"{'temp': 281.15, 'feels_like': 278.52, 'temp_min': 281.15, 'temp_max': 281.15, 'pressure': 993, 'humidity': 100}"
1006984,East London,"{'temp': 292.15, 'feels_like': 295.03, 'temp_min': 292.15, 'temp_max': 292.15, 'pressure': 1010, 'humidity': 100}"
5864145,Homer,"{'temp': 268.21, 'feels_like': 264.56, 'temp_min': 266.15, 'temp_max': 271.48, 'pressure': 1018, 'humidity': 100}"
4031574,Provideniya,"{'temp': 263.15, 'feels_like': 252.83, 'temp_min': 263.15, 'temp_max': 263.15, 'pressure': 1025, 'humidity': 72}"
3395458,Maragogi,"{'temp': 297.71, 'feels_like': 298.82, 'temp_min': 297.71, 'temp_max': 297.71, 'pressure': 1013, 'humidity': 80, 'sea_level': 1013, 'grnd_level': 1010}"
517836,Novotroitsk,"{'temp': 258.15, 'feels_like': 253.23, 'temp_min': 258.15, 'temp_max': 258.15, 'pressure': 1041, 'humidity': 77}"
6323121,Florianópolis,"{'temp': 297.15, 'feels_like': 299.13, 'temp_min': 297.15, 'temp_max': 297.15, 'pressure': 1013, 'humidity': 83}"
935215,Saint-Philippe,"{'temp': 294.59, 'feels_like': 287.11, 'temp_min': 290.93, 'temp_max': 299.15, 'pressure': 1016, 'humidity': 61}"
2618795,Klaksvík,"{'temp': 280.15, 'feels_like': 269.72, 'temp_min': 280.15, 'temp_max': 280.15, 'pressure': 983, 'humidity': 100}"
2094342,Kavieng,"{'temp': 301.73, 'feels_like': 304.24, 'temp_min': 301.73, 'temp_max': 301.73, 'pressure': 1006, 'humidity': 74, 'sea_level': 1006, 'grnd_level': 1005}"
1106677,Bambous Virieux,"{'temp': 299.99, 'feels_like': 299.86, 'temp_min': 299.15, 'temp_max': 300.93, 'pressure': 1017, 'humidity': 61}"
3614835,Barra Patuca,"{'temp': 296.33, 'feels_like': 296.7, 'temp_min': 296.33, 'temp_max': 296.33, 'pressure': 1017, 'humidity': 79, 'sea_level': 1017, 'grnd_level': 1017}"
3883457,Lebu,"{'temp': 284.46, 'feels_like': 283.09, 'temp_min': 284.46, 'temp_max': 284.46, 'pressure': 1021, 'humidity': 89, 'sea_level': 1021, 'grnd_level': 1010}"
3665202,Aripuanã,"{'temp': 294.01, 'feels_like': 297.74, 'temp_min': 294.01, 'temp_max': 294.01, 'pressure': 1011, 'humidity': 98, 'sea_level': 1011, 'grnd_level': 995}"
102527,Sakakah,"{'temp': 281.15, 'feels_like': 277.45, 'temp_min': 281.15, 'temp_max': 281.15, 'pressure': 1023, 'humidity': 70}"
2208248,Kaitangata,"{'temp': 284.26, 'feels_like': 276.03, 'temp_min': 284.26, 'temp_max': 284.26, 'pressure': 1001, 'humidity': 68}"
1214488,Meulaboh,"{'temp': 301.99, 'feels_like': 304.88, 'temp_min': 301.99, 'temp_max': 301.99, 'pressure': 1011, 'humidity': 63, 'sea_level': 1011, 'grnd_level': 1010}"
1855342,Nishihara,"{'temp': 298.44, 'feels_like': 297.77, 'temp_min': 297.15, 'temp_max': 299.15, 'pressure': 1015, 'humidity': 69}"
5870133,Nome,"{'temp': 255.15, 'feels_like': 248.97, 'temp_min': 255.15, 'temp_max': 255.15, 'pressure': 1026, 'humidity': 70}"
1259784,Phek,"{'temp': 290.07, 'feels_like': 289.55, 'temp_min': 290.07, 'temp_max': 290.07, 'pressure': 1015, 'humidity': 58, 'sea_level': 1015, 'grnd_level': 844}"
2729907,Longyearbyen,"{'temp': 262.15, 'feels_like': 256.91, 'temp_min': 262.15, 'temp_max': 262.15, 'pressure': 1013, 'humidity': 66}"
3366880,Hermanus,"{'temp': 289.82, 'feels_like': 289.63, 'temp_min': 289.82, 'temp_max': 289.82, 'pressure': 1011, 'humidity': 86}"
1510377,Belyy Yar,"{'temp': 264.15, 'feels_like': 260.07, 'temp_min': 264.15, 'temp_max': 264.15, 'pressure': 1024, 'humidity': 61}"
2013279,Vostok,"{'temp': 263.1, 'feels_like': 258.51, 'temp_min': 263.1, 'temp_max': 263.1, 'pressure': 1016, 'humidity': 93, 'sea_level': 1016, 'grnd_level': 929}"
2644037,Llangefni,"{'temp': 283.68, 'feels_like': 278.54, 'temp_min': 283.15, 'temp_max': 284.15, 'pressure': 981, 'humidity': 93}"
3418910,Upernavik,"{'temp': 267.99, 'feels_like': 263.87, 'temp_min': 267.99, 'temp_max': 267.99, 'pressure': 1004, 'humidity': 91, 'sea_level': 1004, 'grnd_level': 1004}"
2019935,Mnogovershinnyy,"{'temp': 260.29, 'feels_like': 256.01, 'temp_min': 260.29, 'temp_max': 260.29, 'pressure': 1012, 'humidity': 94, 'sea_level': 1012, 'grnd_level': 962}"
2121025,Srednekolymsk,"{'temp': 244.33, 'feels_like': 238.2, 'temp_min': 244.33, 'temp_max': 244.33, 'pressure': 1023, 'humidity': 87, 'sea_level': 1023, 'grnd_level': 1020}"
3355672,Lüderitz,"{'temp': 289.1, 'feels_like': 286.68, 'temp_min': 289.1, 'temp_max': 289.1, 'pressure': 1015, 'humidity': 78, 'sea_level': 1015, 'grnd_level': 1011}"
1517060,Zaysan,"{'temp': 263.58, 'feels_like': 258.54, 'temp_min': 263.58, 'temp_max': 263.58, 'pressure': 1039, 'humidity': 94, 'sea_level': 1039, 'grnd_level': 959}"
5288784,Catalina,"{'temp': 284.06, 'feels_like': 282.81, 'temp_min': 280.37, 'temp_max': 286.48, 'pressure': 1017, 'humidity': 92}"
1816256,Botou,"{'temp': 279.61, 'feels_like': 276.56, 'temp_min': 279.61, 'temp_max': 279.61, 'pressure': 1022, 'humidity': 52, 'sea_level': 1022, 'grnd_level': 1020}"
2126199,Cherskiy,"{'temp': 259.59, 'feels_like': 253.88, 'temp_min': 259.59, 'temp_max': 259.59, 'pressure': 1019, 'humidity': 86, 'sea_level': 1019, 'grnd_level': 1019}"
3831208,Qaanaaq,"{'temp': 264.75, 'feels_like': 259.15, 'temp_min': 264.75, 'temp_max': 264.75, 'pressure': 1002, 'humidity': 91, 'sea_level': 1002, 'grnd_level': 1002}"
1735227,Kuantan,"{'temp': 303.15, 'feels_like': 307.31, 'temp_min': 303.15, 'temp_max': 303.15, 'pressure': 1010, 'humidity': 66}"
2183774,Ranfurly,"{'temp': 285.37, 'feels_like': 282.01, 'temp_min': 285.37, 'temp_max': 285.37, 'pressure': 1003, 'humidity': 47}"
3662761,Porto Walter,"{'temp': 296.45, 'feels_like': 299.38, 'temp_min': 296.45, 'temp_max': 296.45, 'pressure': 1009, 'humidity': 87, 'sea_level': 1009, 'grnd_level': 987}"
2126123,Chokurdakh,"{'temp': 239.08, 'feels_like': 233.78, 'temp_min': 239.08, 'temp_max': 239.08, 'pressure': 1023, 'humidity': 85, 'sea_level': 1023, 'grnd_level': 1017}"
2121385,Severo-Kuril'sk,"{'temp': 270, 'feels_like': 263.19, 'temp_min': 270, 'temp_max': 270, 'pressure': 1009, 'humidity': 93, 'sea_level': 1009, 'grnd_level': 1007}"
2122090,Pevek,"{'temp': 260.1, 'feels_like': 252.91, 'temp_min': 260.1, 'temp_max': 260.1, 'pressure': 1025, 'humidity': 88, 'sea_level': 1025, 'grnd_level': 1019}"
2015217,Tokur,"{'temp': 256.39, 'feels_like': 252.05, 'temp_min': 256.39, 'temp_max': 256.39, 'pressure': 1013, 'humidity': 92, 'sea_level': 1013, 'grnd_level': 921}"
933995,Souillac,"{'temp': 299.15, 'feels_like': 298.68, 'temp_min': 299.15, 'temp_max': 299.15, 'pressure': 1017, 'humidity': 61}"
2071860,Esperance,"{'temp': 297.15, 'feels_like': 294.36, 'temp_min': 297.15, 'temp_max': 297.15, 'pressure': 1012, 'humidity': 53}"
5972291,Havre-St-Pierre,"{'temp': 270.15, 'feels_like': 265.82, 'temp_min': 270.15, 'temp_max': 270.15, 'pressure': 1011, 'humidity': 92}"
608271,Shubarkuduk,"{'temp': 260.6, 'feels_like': 254.9, 'temp_min': 260.6, 'temp_max': 260.6, 'pressure': 1043, 'humidity': 95, 'sea_level': 1043, 'grnd_level': 1017}"
55671,Kismayo,"{'temp': 300.86, 'feels_like': 300.89, 'temp_min': 300.86, 'temp_max': 300.86, 'pressure': 1013, 'humidity': 71, 'sea_level': 1013, 'grnd_level': 1013}"
2112802,Hasaki,"{'temp': 287.61, 'feels_like': 285.64, 'temp_min': 287.04, 'temp_max': 288.71, 'pressure': 1015, 'humidity': 71}"
6170031,Tuktoyaktuk,"{'temp': 249.15, 'feels_like': 242.15, 'temp_min': 249.15, 'temp_max': 249.15, 'pressure': 1033, 'humidity': 76}"
2641434,Northam,"{'temp': 283.52, 'feels_like': 280.41, 'temp_min': 283.15, 'temp_max': 284.26, 'pressure': 985, 'humidity': 97}"
1513491,Yangi Marg`ilon,"{'temp': 273.15, 'feels_like': 269.84, 'temp_min': 273.15, 'temp_max': 273.15, 'pressure': 1028, 'humidity': 69}"
1002145,George,"{'temp': 288.15, 'feels_like': 287.9, 'temp_min': 288.15, 'temp_max': 288.15, 'pressure': 1011, 'humidity': 93}"
2961459,Skibbereen,"{'temp': 281.15, 'feels_like': 278.27, 'temp_min': 281.15, 'temp_max': 281.15, 'pressure': 982, 'humidity': 93}"
4032243,Vaini,"{'temp': 301.15, 'feels_like': 303.9, 'temp_min': 301.15, 'temp_max': 301.15, 'pressure': 1013, 'humidity': 83}"
1337612,Dhidhdhoo,"{'temp': 301.05, 'feels_like': 302.89, 'temp_min': 301.05, 'temp_max': 301.05, 'pressure': 1013, 'humidity': 73, 'sea_level': 1013, 'grnd_level': 1013}"
336454,Ginir,"{'temp': 289.41, 'feels_like': 286.82, 'temp_min': 289.41, 'temp_max': 289.41, 'pressure': 1018, 'humidity': 43, 'sea_level': 1018, 'grnd_level': 814}"
3546791,Moa,"{'temp': 296.28, 'feels_like': 296.25, 'temp_min': 296.28, 'temp_max': 296.28, 'pressure': 1018, 'humidity': 75, 'sea_level': 1018, 'grnd_level': 1017}"
2361373,Diapaga,"{'temp': 296.26, 'feels_like': 293.4, 'temp_min': 296.26, 'temp_max': 296.26, 'pressure': 1012, 'humidity': 24, 'sea_level': 1012, 'grnd_level': 980}"
6173864,Vernon,"{'temp': 273.93, 'feels_like': 271.22, 'temp_min': 272.59, 'temp_max': 274.82, 'pressure': 1019, 'humidity': 87, 'sea_level': 1019, 'grnd_level': 972}"
3430863,Mar del Plata,"{'temp': 295.25, 'feels_like': 293.72, 'temp_min': 294.82, 'temp_max': 296.15, 'pressure': 1000, 'humidity': 69}"
2171099,Codrington,"{'temp': 289.68, 'feels_like': 284.01, 'temp_min': 289.68, 'temp_max': 289.68, 'pressure': 1026, 'humidity': 64, 'sea_level': 1026, 'grnd_level': 1025}"
582956,Alekseyevka,"{'temp': 265.77, 'feels_like': 259.37, 'temp_min': 265.77, 'temp_max': 265.77, 'pressure': 1033, 'humidity': 91, 'sea_level': 1033, 'grnd_level': 1020}"
3361934,Saldanha,"{'temp': 289.15, 'feels_like': 289.31, 'temp_min': 289.15, 'temp_max': 289.15, 'pressure': 1012, 'humidity': 87}"
1812256,Dongsheng,"{'temp': 269.26, 'feels_like': 259.7, 'temp_min': 269.26, 'temp_max': 269.26, 'pressure': 1025, 'humidity': 84, 'sea_level': 1025, 'grnd_level': 857}"
4035715,Avarua,"{'temp': 299.15, 'feels_like': 301.66, 'temp_min': 299.15, 'temp_max': 299.15, 'pressure': 1014, 'humidity': 88}"
4231997,Avera,"{'temp': 279.16, 'feels_like': 275.97, 'temp_min': 278.15, 'temp_max': 280.15, 'pressure': 1022, 'humidity': 74}"
3065163,Štětí,"{'temp': 273.83, 'feels_like': 269.48, 'temp_min': 272.04, 'temp_max': 274.82, 'pressure': 1006, 'humidity': 87}"
2027316,Ayan,"{'temp': 258.73, 'feels_like': 251.66, 'temp_min': 258.73, 'temp_max': 258.73, 'pressure': 1019, 'humidity': 83, 'sea_level': 1019, 'grnd_level': 1007}"
1259395,Porbandar,"{'temp': 299.15, 'feels_like': 299.73, 'temp_min': 299.15, 'temp_max': 299.15, 'pressure': 1014, 'humidity': 61}"
3421319,Nuuk,"{'temp': 266.04, 'feels_like': 259.75, 'temp_min': 265.93, 'temp_max': 266.15, 'pressure': 1006, 'humidity': 79}"
2160735,Lakes Entrance,"{'temp': 293.15, 'feels_like': 290.41, 'temp_min': 292.04, 'temp_max': 294.26, 'pressure': 1028, 'humidity': 57}"
777019,Vardø,"{'temp': 273.15, 'feels_like': 266.64, 'temp_min': 273.15, 'temp_max': 273.15, 'pressure': 1017, 'humidity': 91}"
6690296,Saint-Joseph,"{'temp': 294.98, 'feels_like': 287.62, 'temp_min': 290.93, 'temp_max': 299.15, 'pressure': 1016, 'humidity': 61}"
150453,Rujewa,"{'temp': 293.17, 'feels_like': 295.59, 'temp_min': 293.17, 'temp_max': 293.17, 'pressure': 1015, 'humidity': 87, 'sea_level': 1015, 'grnd_level': 897}"
5961417,Gimli,"{'temp': 268.79, 'feels_like': 263.96, 'temp_min': 268.15, 'temp_max': 269.15, 'pressure': 1023, 'humidity': 92, 'sea_level': 1023, 'grnd_level': 995}"
3372964,Lagoa,"{'temp': 290.66, 'feels_like': 284.52, 'temp_min': 290.66, 'temp_max': 290.66, 'pressure': 1023, 'humidity': 91, 'sea_level': 1023, 'grnd_level': 1017}"
2020838,Lensk,"{'temp': 247.24, 'feels_like': 242.61, 'temp_min': 247.24, 'temp_max': 247.24, 'pressure': 1030, 'humidity': 86, 'sea_level': 1030, 'grnd_level': 1007}"
1691872,Ransang,"{'temp': 303.67, 'feels_like': 307.53, 'temp_min': 303.67, 'temp_max': 303.67, 'pressure': 1009, 'humidity': 62, 'sea_level': 1009, 'grnd_level': 1008}"
5955902,Fort Nelson,"{'temp': 252.15, 'feels_like': 247.74, 'temp_min': 252.15, 'temp_max': 252.15, 'pressure': 1022, 'humidity': 76}"
5983720,Iqaluit,"{'temp': 267.09, 'feels_like': 261.51, 'temp_min': 267.04, 'temp_max': 267.15, 'pressure': 999, 'humidity': 73}"
3517970,Pochutla,"{'temp': 298.15, 'feels_like': 301.23, 'temp_min': 298.15, 'temp_max': 298.15, 'pressure': 1016, 'humidity': 78}"
3470137,Belmonte,"{'temp': 297.15, 'feels_like': 299.48, 'temp_min': 297.15, 'temp_max': 297.15, 'pressure': 1014, 'humidity': 83}"
80509,Al Bardīyah,"{'temp': 286.73, 'feels_like': 283.24, 'temp_min': 286.73, 'temp_max': 286.73, 'pressure': 1016, 'humidity': 73, 'sea_level': 1016, 'grnd_level': 1007}"
1506676,Gari,"{'temp': 265.74, 'feels_like': 260.45, 'temp_min': 265.74, 'temp_max': 265.74, 'pressure': 1035, 'humidity': 86, 'sea_level': 1035, 'grnd_level': 1023}"
5813747,Toppenish,"{'temp': 273.07, 'feels_like': 269.7, 'temp_min': 272.59, 'temp_max': 273.71, 'pressure': 1017, 'humidity': 84}"
103630,Najrān,"{'temp': 284.15, 'feels_like': 280.97, 'temp_min': 284.15, 'temp_max': 284.15, 'pressure': 1023, 'humidity': 37}"
1263776,Mangan,"{'temp': 293.93, 'feels_like': 291, 'temp_min': 293.93, 'temp_max': 293.93, 'pressure': 1017, 'humidity': 33, 'sea_level': 1017, 'grnd_level': 917}"
3455298,Palotina,"{'temp': 295.24, 'feels_like': 294.21, 'temp_min': 295.24, 'temp_max': 295.24, 'pressure': 1008, 'humidity': 62, 'sea_level': 1008, 'grnd_level': 970}"
485304,Syava,"{'temp': 262.64, 'feels_like': 257.84, 'temp_min': 262.64, 'temp_max': 262.64, 'pressure': 1041, 'humidity': 91, 'sea_level': 1041, 'grnd_level': 1027}"
6050066,La Ronge,"{'temp': 266.15, 'feels_like': 262.55, 'temp_min': 266.15, 'temp_max': 266.15, 'pressure': 1022, 'humidity': 92, 'sea_level': 1022, 'grnd_level': 976}"
3869716,Tocopilla,"{'temp': 290.59, 'feels_like': 288.99, 'temp_min': 290.59, 'temp_max': 290.59, 'pressure': 1015, 'humidity': 56, 'sea_level': 1015, 'grnd_level': 1011}"
2264508,Portalegre,"{'temp': 288.8, 'feels_like': 284.85, 'temp_min': 288.15, 'temp_max': 289.26, 'pressure': 1015, 'humidity': 93}"
3372472,Vila Franca do Campo,"{'temp': 290.15, 'feels_like': 287.74, 'temp_min': 290.15, 'temp_max': 290.15, 'pressure': 1026, 'humidity': 93}"
4513583,Hamilton,"{'temp': 280.06, 'feels_like': 276.24, 'temp_min': 278.15, 'temp_max': 282.15, 'pressure': 1016, 'humidity': 61}"
893549,Chipinge,"{'temp': 295.41, 'feels_like': 297.76, 'temp_min': 295.41, 'temp_max': 295.41, 'pressure': 1013, 'humidity': 79, 'sea_level': 1013, 'grnd_level': 892}"
5746545,Portland,"{'temp': 277.6, 'feels_like': 273.81, 'temp_min': 276.48, 'temp_max': 278.71, 'pressure': 1019, 'humidity': 86}"
1246294,Galle,"{'temp': 301.39, 'feels_like': 305.38, 'temp_min': 301.39, 'temp_max': 301.39, 'pressure': 1013, 'humidity': 70, 'sea_level': 1013, 'grnd_level': 1011}"
352733,Marsá Maţrūḩ,"{'temp': 288.91, 'feels_like': 286.72, 'temp_min': 288.91, 'temp_max': 288.91, 'pressure': 1016, 'humidity': 63, 'sea_level': 1016, 'grnd_level': 1014}"
1735106,George Town,"{'temp': 302.92, 'feels_like': 307.64, 'temp_min': 302.04, 'temp_max': 304.15, 'pressure': 1010, 'humidity': 74}"
5939663,Disraeli,"{'temp': 270.93, 'feels_like': 267.18, 'temp_min': 270.93, 'temp_max': 270.93, 'pressure': 988, 'humidity': 88}"
778707,Mehamn,"{'temp': 272.15, 'feels_like': 265.18, 'temp_min': 272.15, 'temp_max': 272.15, 'pressure': 1015, 'humidity': 92}"
2271965,Aljustrel,"{'temp': 288.15, 'feels_like': 285.78, 'temp_min': 288.15, 'temp_max': 288.15, 'pressure': 1018, 'humidity': 100}"
934479,Grand Gaube,"{'temp': 300.93, 'feels_like': 301.24, 'temp_min': 300.93, 'temp_max': 300.93, 'pressure': 1016, 'humidity': 53}"
5895424,Bay Roberts,"{'temp': 273.15, 'feels_like': 267.17, 'temp_min': 272.15, 'temp_max': 274.26, 'pressure': 1004, 'humidity': 100}"
1714733,Dingle,"{'temp': 303.3, 'feels_like': 307.29, 'temp_min': 303.3, 'temp_max': 303.3, 'pressure': 1009, 'humidity': 73, 'sea_level': 1009, 'grnd_level': 1006}"
3115739,Narón,"{'temp': 288.13, 'feels_like': 285.4, 'temp_min': 286.48, 'temp_max': 289.26, 'pressure': 1006, 'humidity': 84, 'sea_level': 1006, 'grnd_level': 1003}"
486071,Surovikino,"{'temp': 264.37, 'feels_like': 257.8, 'temp_min': 264.37, 'temp_max': 264.37, 'pressure': 1034, 'humidity': 92, 'sea_level': 1034, 'grnd_level': 1027}"
1852357,Shimoda,"{'temp': 286.59, 'feels_like': 282.68, 'temp_min': 284.26, 'temp_max': 289.15, 'pressure': 1014, 'humidity': 72}"
3466704,Castro,"{'temp': 287.99, 'feels_like': 287.72, 'temp_min': 287.99, 'temp_max': 287.99, 'pressure': 1013, 'humidity': 96, 'sea_level': 1013, 'grnd_level': 902}"
3391889,Pitimbu,"{'temp': 297.15, 'feels_like': 299.97, 'temp_min': 297.15, 'temp_max': 297.15, 'pressure': 1013, 'humidity': 88}"
2122605,Okhotsk,"{'temp': 248.8, 'feels_like': 240.01, 'temp_min': 248.8, 'temp_max': 248.8, 'pressure': 1020, 'humidity': 83, 'sea_level': 1020, 'grnd_level': 1020}"
2129395,Kuroishi,"{'temp': 281.18, 'feels_like': 277.84, 'temp_min': 279.15, 'temp_max': 282.59, 'pressure': 1014, 'humidity': 70}"
2027244,Bagdarin,"{'temp': 250.99, 'feels_like': 246.35, 'temp_min': 250.99, 'temp_max': 250.99, 'pressure': 1026, 'humidity': 74, 'sea_level': 1026, 'grnd_level': 910}"
3893726,Constitución,"{'temp': 284.22, 'feels_like': 281.22, 'temp_min': 284.22, 'temp_max': 284.22, 'pressure': 1020, 'humidity': 74, 'sea_level': 1020, 'grnd_level': 1017}"
3163146,Andenes,"{'temp': 274.41, 'feels_like': 269.08, 'temp_min': 274.15, 'temp_max': 274.82, 'pressure': 1013, 'humidity': 70}"
1695546,Pandan,"{'temp': 302.97, 'feels_like': 306.24, 'temp_min': 302.97, 'temp_max': 302.97, 'pressure': 1010, 'humidity': 70, 'sea_level': 1010, 'grnd_level': 1010}"
6447156,Port-de-Bouc,"{'temp': 273.92, 'feels_like': 268.76, 'temp_min': 272.15, 'temp_max': 276.15, 'pressure': 1005, 'humidity': 64}"
2396853,Omboué,"{'temp': 297.88, 'feels_like': 301.02, 'temp_min': 297.88, 'temp_max': 297.88, 'pressure': 1012, 'humidity': 90, 'sea_level': 1012, 'grnd_level': 1011}"
2178753,Kirakira,"{'temp': 302.67, 'feels_like': 306.44, 'temp_min': 302.67, 'temp_max': 302.67, 'pressure': 1005, 'humidity': 65, 'sea_level': 1005, 'grnd_level': 1005}"
2646557,Horsham,"{'temp': 282.06, 'feels_like': 278.95, 'temp_min': 281.48, 'temp_max': 282.59, 'pressure': 987, 'humidity': 100}"
527321,Mezen',"{'temp': 265.14, 'feels_like': 259.63, 'temp_min': 265.14, 'temp_max': 265.14, 'pressure': 1026, 'humidity': 95, 'sea_level': 1026, 'grnd_level': 1024}"
1701054,Marawi,"{'temp': 301.48, 'feels_like': 305.74, 'temp_min': 301.48, 'temp_max': 301.48, 'pressure': 1009, 'humidity': 80}"
2155415,New Norfolk,"{'temp': 291.72, 'feels_like': 285.22, 'temp_min': 289.15, 'temp_max': 293.15, 'pressure': 1030, 'humidity': 51}"
1242110,Kalmunai,"{'temp': 300.43, 'feels_like': 301.15, 'temp_min': 300.43, 'temp_max': 300.43, 'pressure': 1013, 'humidity': 71, 'sea_level': 1013, 'grnd_level': 1012}"
3471451,Arraial do Cabo,"{'temp': 295.91, 'feels_like': 298, 'temp_min': 295.91, 'temp_max': 295.91, 'pressure': 1013, 'humidity': 87, 'sea_level': 1013, 'grnd_level': 1012}"
86049,Jalu,"{'temp': 280.72, 'feels_like': 278.56, 'temp_min': 280.72, 'temp_max': 280.72, 'pressure': 1019, 'humidity': 78, 'sea_level': 1019, 'grnd_level': 1014}"
1259385,Port Blair,"{'temp': 300.58, 'feels_like': 300.86, 'temp_min': 300.58, 'temp_max': 300.58, 'pressure': 1013, 'humidity': 64, 'sea_level': 1013, 'grnd_level': 1013}"
2160517,Launceston,"{'temp': 294.97, 'feels_like': 292.08, 'temp_min': 293.15, 'temp_max': 296.48, 'pressure': 1029, 'humidity': 30}"
2629833,Husavik,"{'temp': 278.15, 'feels_like': 274.98, 'temp_min': 278.15, 'temp_max': 278.15, 'pressure': 985, 'humidity': 80}"
898912,Serenje,"{'temp': 290.52, 'feels_like': 291.67, 'temp_min': 290.52, 'temp_max': 290.52, 'pressure': 1014, 'humidity': 92, 'sea_level': 1014, 'grnd_level': 861}"
974933,Mogwase,"{'temp': 297.56, 'feels_like': 294.06, 'temp_min': 297.56, 'temp_max': 297.56, 'pressure': 1012, 'humidity': 47, 'sea_level': 1012, 'grnd_level': 885}"
1150965,Ranong,"{'temp': 304.15, 'feels_like': 308.96, 'temp_min': 304.15, 'temp_max': 304.15, 'pressure': 1012, 'humidity': 62}"
1636544,Manado,"{'temp': 306.15, 'feels_like': 311.52, 'temp_min': 306.15, 'temp_max': 306.15, 'pressure': 1008, 'humidity': 63}"
5282297,Bethel,"{'temp': 271.71, 'feels_like': 268.88, 'temp_min': 270.93, 'temp_max': 272.59, 'pressure': 1023, 'humidity': 86}"
2278158,Buchanan,"{'temp': 298.53, 'feels_like': 302.75, 'temp_min': 298.53, 'temp_max': 298.53, 'pressure': 1012, 'humidity': 84, 'sea_level': 1012, 'grnd_level': 1011}"
1011918,Danielskuil,"{'temp': 293.63, 'feels_like': 289.42, 'temp_min': 293.63, 'temp_max': 293.63, 'pressure': 1010, 'humidity': 25, 'sea_level': 1010, 'grnd_level': 854}"
2841693,Sangerhausen,"{'temp': 275.15, 'feels_like': 273, 'temp_min': 274.82, 'temp_max': 275.37, 'pressure': 1002, 'humidity': 93}"
3427761,Tigre,"{'temp': 300.4, 'feels_like': 298.42, 'temp_min': 299.82, 'temp_max': 301.48, 'pressure': 1001, 'humidity': 47}"
3175096,Laas,"{'temp': 268.93, 'feels_like': 265.83, 'temp_min': 266.15, 'temp_max': 271.48, 'pressure': 1003, 'humidity': 85}"
2136825,Isangel,"{'temp': 304.15, 'feels_like': 307.51, 'temp_min': 304.15, 'temp_max': 304.15, 'pressure': 1008, 'humidity': 74}"
3868626,Valparaíso,"{'temp': 283.15, 'feels_like': 279.69, 'temp_min': 283.15, 'temp_max': 283.15, 'pressure': 1018, 'humidity': 100}"
5122534,Jamestown,"{'temp': 274.54, 'feels_like': 270.15, 'temp_min': 274.15, 'temp_max': 275.37, 'pressure': 1018, 'humidity': 80}"
1121143,Zabul Province,"{'temp': 277.19, 'feels_like': 272.33, 'temp_min': 277.19, 'temp_max': 277.19, 'pressure': 1022, 'humidity': 72, 'sea_level': 1022, 'grnd_level': 818}"
2303611,Esim,"{'temp': 298.77, 'feels_like': 302.08, 'temp_min': 298.77, 'temp_max': 298.77, 'pressure': 1012, 'humidity': 88, 'sea_level': 1012, 'grnd_level': 1010}"
2577164,Orodara,"{'temp': 297.15, 'feels_like': 295.36, 'temp_min': 297.15, 'temp_max': 297.15, 'pressure': 1013, 'humidity': 41}"
1649150,Bengkulu,"{'temp': 301.75, 'feels_like': 302.34, 'temp_min': 301.75, 'temp_max': 301.75, 'pressure': 1009, 'humidity': 67, 'sea_level': 1009, 'grnd_level': 1007}"
2527087,Tiznit Province,"{'temp': 285.64, 'feels_like': 283.43, 'temp_min': 285.64, 'temp_max': 285.64, 'pressure': 1021, 'humidity': 48, 'sea_level': 1021, 'grnd_level': 956}"
53654,Mogadishu,"{'temp': 298.15, 'feels_like': 297.35, 'temp_min': 298.15, 'temp_max': 298.15, 'pressure': 1012, 'humidity': 69}"
1069166,Antsirabe,"{'temp': 291.58, 'feels_like': 292.13, 'temp_min': 291.58, 'temp_max': 291.58, 'pressure': 1017, 'humidity': 81, 'sea_level': 1017, 'grnd_level': 855}"
1520172,Petropavl,"{'temp': 266.15, 'feels_like': 261.24, 'temp_min': 266.15, 'temp_max': 266.15, 'pressure': 1038, 'humidity': 100}"
544397,Kortkeros,"{'temp': 259.15, 'feels_like': 252.88, 'temp_min': 259.15, 'temp_max': 259.15, 'pressure': 1036, 'humidity': 77}"
2139521,Noumea,"{'temp': 302.8, 'feels_like': 303.49, 'temp_min': 302.59, 'temp_max': 303.15, 'pressure': 1009, 'humidity': 66}"
1786657,Yinchuan,"{'temp': 273.1, 'feels_like': 269.68, 'temp_min': 273.1, 'temp_max': 273.1, 'pressure': 1026, 'humidity': 77, 'sea_level': 1026, 'grnd_level': 894}"
6167817,Torbay,"{'temp': 272.93, 'feels_like': 266.92, 'temp_min': 272.15, 'temp_max': 273.71, 'pressure': 1004, 'humidity': 100}"
1651103,Atambua,"{'temp': 303.31, 'feels_like': 305.5, 'temp_min': 303.31, 'temp_max': 303.31, 'pressure': 1007, 'humidity': 58, 'sea_level': 1007, 'grnd_level': 969}"
300791,Simav,"{'temp': 279.29, 'feels_like': 275.83, 'temp_min': 279.29, 'temp_max': 279.29, 'pressure': 1012, 'humidity': 87, 'sea_level': 1012, 'grnd_level': 918}"
2412408,Nioro,"{'temp': 294.7, 'feels_like': 291.27, 'temp_min': 294.7, 'temp_max': 294.7, 'pressure': 1012, 'humidity': 28, 'sea_level': 1012, 'grnd_level': 1008}"
2138555,Poum,"{'temp': 300.58, 'feels_like': 301.12, 'temp_min': 300.58, 'temp_max': 300.58, 'pressure': 1008, 'humidity': 77, 'sea_level': 1008, 'grnd_level': 1008}"
2022572,Khatanga,"{'temp': 237, 'feels_like': 230.71, 'temp_min': 237, 'temp_max': 237, 'pressure': 1030, 'humidity': 84, 'sea_level': 1030, 'grnd_level': 1026}"
2180815,Tuatapere,"{'temp': 281.48, 'feels_like': 277.25, 'temp_min': 281.48, 'temp_max': 281.48, 'pressure': 1004, 'humidity': 89}"
696275,Priozyornoye,"{'temp': 276.74, 'feels_like': 269.27, 'temp_min': 276.74, 'temp_max': 276.74, 'pressure': 1018, 'humidity': 81, 'sea_level': 1018, 'grnd_level': 1017}"
3137469,Sørland,"{'temp': 278.1, 'feels_like': 272.6, 'temp_min': 278.1, 'temp_max': 278.1, 'pressure': 1012, 'humidity': 78, 'sea_level': 1012, 'grnd_level': 1005}"
2128975,Nemuro,"{'temp': 278.15, 'feels_like': 271.54, 'temp_min': 278.15, 'temp_max': 278.15, 'pressure': 1012, 'humidity': 48}"
3489440,Morant Bay,"{'temp': 296.97, 'feels_like': 299.08, 'temp_min': 295.37, 'temp_max': 299.15, 'pressure': 1015, 'humidity': 78}"
2191562,Dunedin,"{'temp': 287.59, 'feels_like': 283.12, 'temp_min': 287.59, 'temp_max': 287.59, 'pressure': 1000, 'humidity': 49}"
779554,Honningsvåg,"{'temp': 274.15, 'feels_like': 266.97, 'temp_min': 274.15, 'temp_max': 274.15, 'pressure': 1015, 'humidity': 86}"
5563839,Fortuna,"{'temp': 280.02, 'feels_like': 278.45, 'temp_min': 279.82, 'temp_max': 280.37, 'pressure': 1022, 'humidity': 93}"
2065594,Mount Isa,"{'temp': 309.15, 'feels_like': 306.54, 'temp_min': 309.15, 'temp_max': 309.15, 'pressure': 1010, 'humidity': 20}"
1861280,Itoman,"{'temp': 298.52, 'feels_like': 298.83, 'temp_min': 297.15, 'temp_max': 299.15, 'pressure': 1013, 'humidity': 74}"
1708743,Kinablangan,"{'temp': 302.32, 'feels_like': 306.24, 'temp_min': 302.32, 'temp_max': 302.32, 'pressure': 1009, 'humidity': 72, 'sea_level': 1009, 'grnd_level': 1007}"
1849831,Toyooka,"{'temp': 286.15, 'feels_like': 284.36, 'temp_min': 286.15, 'temp_max': 286.15, 'pressure': 1015, 'humidity': 66}"
2063036,Port Lincoln,"{'temp': 293.23, 'feels_like': 288.49, 'temp_min': 293.23, 'temp_max': 293.23, 'pressure': 1020, 'humidity': 48, 'sea_level': 1020, 'grnd_level': 1017}"
2377450,Nouakchott,"{'temp': 290.15, 'feels_like': 285.45, 'temp_min': 290.15, 'temp_max': 290.15, 'pressure': 1015, 'humidity': 23}"
2059470,Victor Harbor,"{'temp': 292.59, 'feels_like': 292.17, 'temp_min': 292.59, 'temp_max': 292.59, 'pressure': 1021, 'humidity': 65}"
3139597,Sistranda,"{'temp': 277.15, 'feels_like': 265.03, 'temp_min': 277.15, 'temp_max': 277.15, 'pressure': 1006, 'humidity': 60}"
3468031,Camaçari,"{'temp': 300.15, 'feels_like': 300.84, 'temp_min': 300.15, 'temp_max': 300.15, 'pressure': 1014, 'humidity': 74}"
2018553,Ol'ga,"{'temp': 273.2, 'feels_like': 269.07, 'temp_min': 273.2, 'temp_max': 273.2, 'pressure': 1015, 'humidity': 82, 'sea_level': 1015, 'grnd_level': 1014}"
6301965,Palmerston,"{'temp': 306.04, 'feels_like': 308.87, 'temp_min': 305.93, 'temp_max': 306.15, 'pressure': 1007, 'humidity': 59}"
3401845,Conceição do Araguaia,"{'temp': 295.8, 'feels_like': 299.85, 'temp_min': 295.8, 'temp_max': 295.8, 'pressure': 1011, 'humidity': 93, 'sea_level': 1011, 'grnd_level': 993}"
5554072,Juneau,"{'temp': 269.81, 'feels_like': 266.21, 'temp_min': 268.71, 'temp_max': 271.15, 'pressure': 1015, 'humidity': 92}"
5959335,Gander,"{'temp': 272.15, 'feels_like': 266.03, 'temp_min': 272.15, 'temp_max': 272.15, 'pressure': 1006, 'humidity': 100}"
8079926,Labuhan,"{'temp': 302.49, 'feels_like': 304.46, 'temp_min': 302.49, 'temp_max': 302.49, 'pressure': 1008, 'humidity': 74, 'sea_level': 1008, 'grnd_level': 1008}"
3577430,Road Town,"{'temp': 298.71, 'feels_like': 300.12, 'temp_min': 298.71, 'temp_max': 298.71, 'pressure': 1014, 'humidity': 85}"
3440777,Rocha,"{'temp': 292.59, 'feels_like': 289.64, 'temp_min': 292.59, 'temp_max': 292.59, 'pressure': 1005, 'humidity': 67, 'sea_level': 1005, 'grnd_level': 1003}"
3516171,Barra de Tecoanapa,"{'temp': 298.41, 'feels_like': 301.64, 'temp_min': 298.41, 'temp_max': 298.41, 'pressure': 1016, 'humidity': 82, 'sea_level': 1016, 'grnd_level': 1016}"
2125693,Evensk,"{'temp': 265.67, 'feels_like': 257.79, 'temp_min': 265.67, 'temp_max': 265.67, 'pressure': 1016, 'humidity': 95, 'sea_level': 1016, 'grnd_level': 1010}"
1791748,Wanxian,"{'temp': 288.01, 'feels_like': 286.11, 'temp_min': 288.01, 'temp_max': 288.01, 'pressure': 1019, 'humidity': 53, 'sea_level': 1019, 'grnd_level': 1005}"
5914653,Camrose,"{'temp': 264.26, 'feels_like': 259.88, 'temp_min': 264.26, 'temp_max': 264.26, 'pressure': 1018, 'humidity': 85}"
1622318,Waingapu,"{'temp': 304.48, 'feels_like': 306.01, 'temp_min': 304.48, 'temp_max': 304.48, 'pressure': 1007, 'humidity': 64, 'sea_level': 1007, 'grnd_level': 1003}"
2013921,Ust-Kuyga,"{'temp': 235.23, 'feels_like': 229.56, 'temp_min': 235.23, 'temp_max': 235.23, 'pressure': 1025, 'humidity': 80, 'sea_level': 1025, 'grnd_level': 1016}"
3424607,Tasiilaq,"{'temp': 268.15, 'feels_like': 263.39, 'temp_min': 268.15, 'temp_max': 268.15, 'pressure': 1001, 'humidity': 57}"
2138522,Poya,"{'temp': 301.73, 'feels_like': 303.04, 'temp_min': 301.73, 'temp_max': 301.73, 'pressure': 1009, 'humidity': 65, 'sea_level': 1009, 'grnd_level': 1008}"
157738,Kigoma,"{'temp': 294.15, 'feels_like': 296.72, 'temp_min': 294.15, 'temp_max': 294.15, 'pressure': 1016, 'humidity': 94}"
5314245,Show Low,"{'temp': 275.11, 'feels_like': 269.7, 'temp_min': 274.26, 'temp_max': 276.15, 'pressure': 1017, 'humidity': 93}"
5044290,Saint Anthony,"{'temp': 275.08, 'feels_like': 270.97, 'temp_min': 274.26, 'temp_max': 275.93, 'pressure': 1017, 'humidity': 74}"
3414079,Olafsvik,"{'temp': 277.13, 'feels_like': 268.62, 'temp_min': 277.13, 'temp_max': 277.13, 'pressure': 982, 'humidity': 89, 'sea_level': 982, 'grnd_level': 978}"
2108857,Gizo Government Station,"{'temp': 302.69, 'feels_like': 304.85, 'temp_min': 302.69, 'temp_max': 302.69, 'pressure': 1005, 'humidity': 61, 'sea_level': 1005, 'grnd_level': 1005}"
3899695,Ancud,"{'temp': 281.39, 'feels_like': 278.48, 'temp_min': 278.15, 'temp_max': 283.71, 'pressure': 1013, 'humidity': 81}"
2027044,Batagay,"{'temp': 235.42, 'feels_like': 230.77, 'temp_min': 235.42, 'temp_max': 235.42, 'pressure': 1026, 'humidity': 80, 'sea_level': 1026, 'grnd_level': 998}"
3839479,Rafaela,"{'temp': 298.15, 'feels_like': 296.96, 'temp_min': 298.15, 'temp_max': 298.15, 'pressure': 998, 'humidity': 42}"
6089245,Norman Wells,"{'temp': 255.15, 'feels_like': 250.51, 'temp_min': 255.15, 'temp_max': 255.15, 'pressure': 1029, 'humidity': 84}"
3424901,Aasiaat,"{'temp': 261.71, 'feels_like': 256.05, 'temp_min': 261.71, 'temp_max': 261.71, 'pressure': 1006, 'humidity': 86, 'sea_level': 1006, 'grnd_level': 1006}"
2181625,Te Anau,"{'temp': 279.35, 'feels_like': 276.06, 'temp_min': 279.35, 'temp_max': 279.35, 'pressure': 1006, 'humidity': 90, 'sea_level': 1006, 'grnd_level': 980}"
3379316,Lethem,"{'temp': 298.02, 'feels_like': 299.05, 'temp_min': 298.02, 'temp_max': 298.02, 'pressure': 1011, 'humidity': 76, 'sea_level': 1011, 'grnd_level': 1001}"
2240449,Luanda,"{'temp': 298.15, 'feels_like': 300.63, 'temp_min': 298.15, 'temp_max': 298.15, 'pressure': 1010, 'humidity': 83}"
2126710,Beringovskiy,"{'temp': 268.63, 'feels_like': 258.26, 'temp_min': 268.63, 'temp_max': 268.63, 'pressure': 1020, 'humidity': 95, 'sea_level': 1020, 'grnd_level': 1018}"
1267461,Kātol,"{'temp': 294.15, 'feels_like': 292.74, 'temp_min': 294.15, 'temp_max': 294.15, 'pressure': 1018, 'humidity': 56}"
3372783,Ponta Delgada,"{'temp': 290.15, 'feels_like': 288.09, 'temp_min': 290.15, 'temp_max': 290.15, 'pressure': 1026, 'humidity': 93}"
988698,Knysna,"{'temp': 288.15, 'feels_like': 287.9, 'temp_min': 288.15, 'temp_max': 288.15, 'pressure': 1011, 'humidity': 93}"
1524606,Derzhavīnsk,"{'temp': 258.75, 'feels_like': 253.7, 'temp_min': 258.75, 'temp_max': 258.75, 'pressure': 1045, 'humidity': 94, 'sea_level': 1045, 'grnd_level': 1012}"
1268008,Kanniyākumāri,"{'temp': 300.53, 'feels_like': 298.67, 'temp_min': 300.53, 'temp_max': 300.53, 'pressure': 1013, 'humidity': 68, 'sea_level': 1013, 'grnd_level': 1013}"
1252668,Ziro,"{'temp': 295.15, 'feels_like': 296.02, 'temp_min': 295.15, 'temp_max': 295.15, 'pressure': 1017, 'humidity': 68}"
2122614,Okha,"{'temp': 263.34, 'feels_like': 257.75, 'temp_min': 263.34, 'temp_max': 263.34, 'pressure': 1011, 'humidity': 96, 'sea_level': 1011, 'grnd_level': 1009}"
2092164,Lorengau,"{'temp': 302.21, 'feels_like': 305.96, 'temp_min': 302.21, 'temp_max': 302.21, 'pressure': 1006, 'humidity': 73, 'sea_level': 1006, 'grnd_level': 1006}"
4006532,Esqueda,"{'temp': 281.56, 'feels_like': 278.91, 'temp_min': 281.56, 'temp_max': 281.56, 'pressure': 1016, 'humidity': 84, 'sea_level': 1016, 'grnd_level': 879}"
1816705,Beihai,"{'temp': 294.92, 'feels_like': 294.99, 'temp_min': 294.92, 'temp_max': 294.92, 'pressure': 1015, 'humidity': 68, 'sea_level': 1015, 'grnd_level': 1013}"
2210554,Sirte,"{'temp': 285.7, 'feels_like': 278.83, 'temp_min': 285.7, 'temp_max': 285.7, 'pressure': 1015, 'humidity': 42, 'sea_level': 1015, 'grnd_level': 1013}"
4793846,Williamsburg,"{'temp': 276.94, 'feels_like': 273.65, 'temp_min': 276.48, 'temp_max': 277.15, 'pressure': 1024, 'humidity': 100}"
3382160,Cayenne,"{'temp': 298.15, 'feels_like': 302.13, 'temp_min': 298.15, 'temp_max': 298.15, 'pressure': 1011, 'humidity': 100}"
2274895,Monrovia,"{'temp': 298.74, 'feels_like': 302.47, 'temp_min': 298.74, 'temp_max': 298.74, 'pressure': 1012, 'humidity': 84, 'sea_level': 1012, 'grnd_level': 1011}"
2206874,Waipawa,"{'temp': 291.66, 'feels_like': 285.71, 'temp_min': 290.37, 'temp_max': 293.15, 'pressure': 1007, 'humidity': 49}"
3378690,Catherinas Lust,"{'temp': 298.01, 'feels_like': 301.48, 'temp_min': 298.01, 'temp_max': 298.01, 'pressure': 1011, 'humidity': 85, 'sea_level': 1011, 'grnd_level': 1011}"
7601762,Bairiki Village,"{'temp': 302.15, 'feels_like': 304.85, 'temp_min': 302.15, 'temp_max': 302.15, 'pressure': 1006, 'humidity': 70}"
2172880,Byron Bay,"{'temp': 293.11, 'feels_like': 292.96, 'temp_min': 292.04, 'temp_max': 294.15, 'pressure': 1021, 'humidity': 83}"
579999,Babayurt,"{'temp': 277.18, 'feels_like': 268.11, 'temp_min': 277.18, 'temp_max': 277.18, 'pressure': 1028, 'humidity': 74, 'sea_level': 1028, 'grnd_level': 1028}"
5983607,Inuvik,"{'temp': 253.15, 'feels_like': 246.97, 'temp_min': 253.15, 'temp_max': 253.15, 'pressure': 1032, 'humidity': 83, 'sea_level': 1032, 'grnd_level': 1032}"
3351663,Benguela,"{'temp': 295.25, 'feels_like': 297.92, 'temp_min': 295.25, 'temp_max': 295.25, 'pressure': 1014, 'humidity': 82, 'sea_level': 1014, 'grnd_level': 1012}"
3374083,Bathsheba,"{'temp': 299.15, 'feels_like': 299.44, 'temp_min': 299.15, 'temp_max': 299.15, 'pressure': 1013, 'humidity': 78}"
5905393,Bonavista,"{'temp': 272.57, 'feels_like': 269.45, 'temp_min': 272.15, 'temp_max': 273.15, 'pressure': 1005, 'humidity': 100, 'sea_level': 1005, 'grnd_level': 1004}"
2270385,Camacha,"{'temp': 290.15, 'feels_like': 287.84, 'temp_min': 290.15, 'temp_max': 290.15, 'pressure': 1027, 'humidity': 77}"
863061,Usinsk,"{'temp': 264.86, 'feels_like': 257.31, 'temp_min': 264.86, 'temp_max': 264.86, 'pressure': 1027, 'humidity': 97, 'sea_level': 1027, 'grnd_level': 1019}"
1604771,Yaring,"{'temp': 305.15, 'feels_like': 309.02, 'temp_min': 305.15, 'temp_max': 305.15, 'pressure': 1011, 'humidity': 62}"
3374120,Vila do Maio,"{'temp': 295.15, 'feels_like': 293.93, 'temp_min': 295.15, 'temp_max': 295.15, 'pressure': 1016, 'humidity': 73}"
4414001,Wentzville,"{'temp': 280.53, 'feels_like': 277.13, 'temp_min': 275.15, 'temp_max': 284.26, 'pressure': 1012, 'humidity': 81}"
4036284,Alofi,"{'temp': 302.15, 'feels_like': 300.51, 'temp_min': 302.15, 'temp_max': 302.15, 'pressure': 1011, 'humidity': 70}"
2738381,Lata,"{'temp': 287.59, 'feels_like': 286.65, 'temp_min': 287.59, 'temp_max': 287.59, 'pressure': 1013, 'humidity': 97}"
2012593,Zeya,"{'temp': 256.85, 'feels_like': 251.99, 'temp_min': 256.85, 'temp_max': 256.85, 'pressure': 1014, 'humidity': 85, 'sea_level': 1014, 'grnd_level': 984}"
2445704,Diffa,"{'temp': 294.35, 'feels_like': 290.26, 'temp_min': 294.35, 'temp_max': 294.35, 'pressure': 1012, 'humidity': 30, 'sea_level': 1012, 'grnd_level': 977}"
5919850,Chapais,"{'temp': 268.15, 'feels_like': 263.37, 'temp_min': 268.15, 'temp_max': 268.15, 'pressure': 1013, 'humidity': 100}"
2171465,Clarence Town,"{'temp': 293.34, 'feels_like': 288.66, 'temp_min': 293.15, 'temp_max': 293.71, 'pressure': 1026, 'humidity': 56}"
2109701,Auki,"{'temp': 302.29, 'feels_like': 305.28, 'temp_min': 302.29, 'temp_max': 302.29, 'pressure': 1005, 'humidity': 68, 'sea_level': 1005, 'grnd_level': 1002}"
5546220,Saint George,"{'temp': 279.58, 'feels_like': 274.46, 'temp_min': 278.15, 'temp_max': 280.37, 'pressure': 1014, 'humidity': 33}"
2381334,Atar,"{'temp': 289.52, 'feels_like': 283.7, 'temp_min': 289.52, 'temp_max': 289.52, 'pressure': 1017, 'humidity': 26, 'sea_level': 1017, 'grnd_level': 991}"
6690297,Saint-Leu,"{'temp': 294.48, 'feels_like': 286.96, 'temp_min': 290.93, 'temp_max': 299.15, 'pressure': 1016, 'humidity': 61}"
2126682,Bilibino,"{'temp': 254.42, 'feels_like': 249.67, 'temp_min': 254.42, 'temp_max': 254.42, 'pressure': 1025, 'humidity': 87, 'sea_level': 1025, 'grnd_level': 988}"
3397967,Itaituba,"{'temp': 295.63, 'feels_like': 299.52, 'temp_min': 295.63, 'temp_max': 295.63, 'pressure': 1010, 'humidity': 96, 'sea_level': 1010, 'grnd_level': 1009}"
1797551,Qinzhou,"{'temp': 295.7, 'feels_like': 294.95, 'temp_min': 295.7, 'temp_max': 295.7, 'pressure': 1015, 'humidity': 52, 'sea_level': 1015, 'grnd_level': 1015}"
2158767,Mareeba,"{'temp': 303.76, 'feels_like': 303.7, 'temp_min': 302.04, 'temp_max': 305.15, 'pressure': 1009, 'humidity': 52}"
1495812,Ous,"{'temp': 266.65, 'feels_like': 261.36, 'temp_min': 266.65, 'temp_max': 266.65, 'pressure': 1034, 'humidity': 82, 'sea_level': 1034, 'grnd_level': 1020}"
3408368,Acaraú,"{'temp': 298.54, 'feels_like': 299.71, 'temp_min': 298.54, 'temp_max': 298.54, 'pressure': 1011, 'humidity': 84, 'sea_level': 1011, 'grnd_level': 1009}"
686090,Asău,"{'temp': 274.15, 'feels_like': 270.5, 'temp_min': 274.15, 'temp_max': 274.15, 'pressure': 1011, 'humidity': 100}"
4726521,San Patricio,"{'temp': 292.07, 'feels_like': 290.83, 'temp_min': 292.04, 'temp_max': 292.15, 'pressure': 1014, 'humidity': 88}"
3380290,Sinnamary,"{'temp': 298.23, 'feels_like': 300.93, 'temp_min': 298.23, 'temp_max': 298.23, 'pressure': 1011, 'humidity': 88, 'sea_level': 1011, 'grnd_level': 1011}"
2417795,Mandiana,"{'temp': 293.68, 'feels_like': 291.77, 'temp_min': 293.68, 'temp_max': 293.68, 'pressure': 1013, 'humidity': 31, 'sea_level': 1013, 'grnd_level': 971}"
3696183,Iquitos,"{'temp': 299.15, 'feels_like': 304.53, 'temp_min': 299.15, 'temp_max': 299.15, 'pressure': 1010, 'humidity': 88}"
3932145,Pisco,"{'temp': 290.81, 'feels_like': 289.79, 'temp_min': 290.37, 'temp_max': 291.15, 'pressure': 1015, 'humidity': 88}"
2755249,Province of Groningen,"{'temp': 274.26, 'feels_like': 269.97, 'temp_min': 273.71, 'temp_max': 274.82, 'pressure': 999, 'humidity': 86}"
5861897,Fairbanks,"{'temp': 255.51, 'feels_like': 251.65, 'temp_min': 255.15, 'temp_max': 256.15, 'pressure': 1025, 'humidity': 84}"
4997130,Ingham,"{'temp': 275.83, 'feels_like': 271.69, 'temp_min': 275.15, 'temp_max': 276.48, 'pressure': 1013, 'humidity': 93}"
3175788,Oga,"{'temp': 264.4, 'feels_like': 260.5, 'temp_min': 255.15, 'temp_max': 271.48, 'pressure': 1003, 'humidity': 77}"
145724,Lucapa,"{'temp': 291.33, 'feels_like': 293.83, 'temp_min': 291.33, 'temp_max': 291.33, 'pressure': 1014, 'humidity': 97, 'sea_level': 1014, 'grnd_level': 908}"
3934290,Asentamiento Humano Nicolas de Pierola,"{'temp': 292.56, 'feels_like': 290.28, 'temp_min': 292.04, 'temp_max': 293.15, 'pressure': 1015, 'humidity': 77}"
4260977,Marion,"{'temp': 281.05, 'feels_like': 276.99, 'temp_min': 280.15, 'temp_max': 281.48, 'pressure': 1014, 'humidity': 70}"
1283285,Jumla,"{'temp': 288.2, 'feels_like': 284.74, 'temp_min': 288.2, 'temp_max': 288.2, 'pressure': 1021, 'humidity': 26, 'sea_level': 1021, 'grnd_level': 780}"
1734705,Kuala Terengganu,"{'temp': 303.15, 'feels_like': 305.7, 'temp_min': 303.15, 'temp_max': 303.15, 'pressure': 1011, 'humidity': 70}"
2122262,Palana,"{'temp': 265, 'feels_like': 260.87, 'temp_min': 265, 'temp_max': 265, 'pressure': 1009, 'humidity': 95, 'sea_level': 1009, 'grnd_level': 979}"
546742,Kodino,"{'temp': 264.19, 'feels_like': 259.45, 'temp_min': 264.19, 'temp_max': 264.19, 'pressure': 1029, 'humidity': 96, 'sea_level': 1029, 'grnd_level': 1023}"
2033196,Zhangjiakou,"{'temp': 268.71, 'feels_like': 265, 'temp_min': 268.71, 'temp_max': 268.71, 'pressure': 1023, 'humidity': 82, 'sea_level': 1023, 'grnd_level': 930}"
3037051,Argentan,"{'temp': 281.97, 'feels_like': 277.11, 'temp_min': 281.15, 'temp_max': 282.15, 'pressure': 989, 'humidity': 93}"
2194098,Ahipara,"{'temp': 291.85, 'feels_like': 289.88, 'temp_min': 291.85, 'temp_max': 291.85, 'pressure': 1018, 'humidity': 71, 'sea_level': 1018, 'grnd_level': 1016}"
1637001,Biak,"{'temp': 303.22, 'feels_like': 307.4, 'temp_min': 303.22, 'temp_max': 303.22, 'pressure': 1008, 'humidity': 63, 'sea_level': 1008, 'grnd_level': 994}"
2381972,Adrar,"{'temp': 287.43, 'feels_like': 281.85, 'temp_min': 287.43, 'temp_max': 287.43, 'pressure': 1019, 'humidity': 30, 'sea_level': 1019, 'grnd_level': 973}"
5545269,Price,"{'temp': 269.15, 'feels_like': 264.35, 'temp_min': 269.15, 'temp_max': 269.15, 'pressure': 1012, 'humidity': 45}"
2966839,Athlone,"{'temp': 280.37, 'feels_like': 278.9, 'temp_min': 280.37, 'temp_max': 280.37, 'pressure': 980, 'humidity': 94}"
1819729,Hong Kong,"{'temp': 294.22, 'feels_like': 295.68, 'temp_min': 290.37, 'temp_max': 295.93, 'pressure': 1015, 'humidity': 74}"
2152659,Port Macquarie,"{'temp': 291.75, 'feels_like': 291.94, 'temp_min': 291.15, 'temp_max': 292.59, 'pressure': 1024, 'humidity': 100}"
2421903,Dinguiraye,"{'temp': 293.12, 'feels_like': 291.81, 'temp_min': 293.12, 'temp_max': 293.12, 'pressure': 1013, 'humidity': 38, 'sea_level': 1013, 'grnd_level': 960}"
2055868,Yantal',"{'temp': 251.22, 'feels_like': 246.46, 'temp_min': 251.22, 'temp_max': 251.22, 'pressure': 1029, 'humidity': 86, 'sea_level': 1029, 'grnd_level': 984}"
3353715,Outjo,"{'temp': 289.51, 'feels_like': 286.33, 'temp_min': 289.51, 'temp_max': 289.51, 'pressure': 1014, 'humidity': 37, 'sea_level': 1014, 'grnd_level': 876}"
3663517,Manaus,"{'temp': 298.15, 'feels_like': 302.75, 'temp_min': 298.15, 'temp_max': 298.15, 'pressure': 1012, 'humidity': 100}"
6141439,Sault Ste. Marie,"{'temp': 276.29, 'feels_like': 273.82, 'temp_min': 275.15, 'temp_max': 277.15, 'pressure': 1011, 'humidity': 86}"
2377457,Nouadhibou,"{'temp': 291.15, 'feels_like': 286.03, 'temp_min': 291.15, 'temp_max': 291.15, 'pressure': 1018, 'humidity': 68}"
3906209,Rurrenabaque,"{'temp': 293.65, 'feels_like': 296.42, 'temp_min': 293.65, 'temp_max': 293.65, 'pressure': 1010, 'humidity': 94, 'sea_level': 1010, 'grnd_level': 985}"
3388847,São Félix do Xingu,"{'temp': 293.78, 'feels_like': 297, 'temp_min': 293.78, 'temp_max': 293.78, 'pressure': 1011, 'humidity': 93, 'sea_level': 1011, 'grnd_level': 988}"
2446796,Bilma,"{'temp': 292.44, 'feels_like': 287.6, 'temp_min': 292.44, 'temp_max': 292.44, 'pressure': 1015, 'humidity': 30, 'sea_level': 1015, 'grnd_level': 973}"
3421982,Maniitsoq,"{'temp': 266.84, 'feels_like': 261.55, 'temp_min': 266.84, 'temp_max': 266.84, 'pressure': 1007, 'humidity': 86, 'sea_level': 1007, 'grnd_level': 1001}"
2449938,Ténenkou,"{'temp': 293.28, 'feels_like': 287.77, 'temp_min': 293.28, 'temp_max': 293.28, 'pressure': 1013, 'humidity': 24, 'sea_level': 1013, 'grnd_level': 982}"
2145554,Ulladulla,"{'temp': 290.98, 'feels_like': 284.97, 'temp_min': 288.71, 'temp_max': 292.15, 'pressure': 1028, 'humidity': 45}"
4686163,Dickinson,"{'temp': 290.33, 'feels_like': 289.42, 'temp_min': 289.15, 'temp_max': 291.48, 'pressure': 1016, 'humidity': 87}"
3397851,Itupiranga,"{'temp': 295.44, 'feels_like': 299.5, 'temp_min': 295.44, 'temp_max': 295.44, 'pressure': 1011, 'humidity': 94, 'sea_level': 1011, 'grnd_level': 1000}"
57000,Hobyo,"{'temp': 299.52, 'feels_like': 296.7, 'temp_min': 299.52, 'temp_max': 299.52, 'pressure': 1015, 'humidity': 65, 'sea_level': 1015, 'grnd_level': 1015}"
3893629,Coquimbo,"{'temp': 286.15, 'feels_like': 285.48, 'temp_min': 286.15, 'temp_max': 286.15, 'pressure': 1015, 'humidity': 82}"
577922,Belomorsk,"{'temp': 266.8, 'feels_like': 262.06, 'temp_min': 266.8, 'temp_max': 266.8, 'pressure': 1026, 'humidity': 96, 'sea_level': 1026, 'grnd_level': 1026}"
2123814,Leningradskiy,"{'temp': 255.65, 'feels_like': 249.13, 'temp_min': 255.65, 'temp_max': 255.65, 'pressure': 1032, 'humidity': 87, 'sea_level': 1032, 'grnd_level': 1031}"
5916706,Carberry,"{'temp': 268.15, 'feels_like': 264.71, 'temp_min': 268.15, 'temp_max': 268.15, 'pressure': 1021, 'humidity': 100}"
1635815,Maumere,"{'temp': 303.95, 'feels_like': 306.47, 'temp_min': 303.95, 'temp_max': 303.95, 'pressure': 1007, 'humidity': 67, 'sea_level': 1007, 'grnd_level': 1005}"
5972762,Hay River,"{'temp': 255.16, 'feels_like': 249.72, 'temp_min': 254.15, 'temp_max': 256.15, 'pressure': 1029, 'humidity': 77, 'sea_level': 1029, 'grnd_level': 1007}"
1847947,Shingū,"{'temp': 290.15, 'feels_like': 288.32, 'temp_min': 290.15, 'temp_max': 290.15, 'pressure': 1015, 'humidity': 45}"
2742416,Barcelos,"{'temp': 287.58, 'feels_like': 286.12, 'temp_min': 287.04, 'temp_max': 288.15, 'pressure': 1013, 'humidity': 100}"
515539,Ol'khovatka,"{'temp': 265.2, 'feels_like': 258.72, 'temp_min': 265.2, 'temp_max': 265.2, 'pressure': 1033, 'humidity': 91, 'sea_level': 1033, 'grnd_level': 1021}"
1807553,Dingcheng,"{'temp': 284.88, 'feels_like': 282.31, 'temp_min': 284.88, 'temp_max': 284.88, 'pressure': 1021, 'humidity': 43, 'sea_level': 1021, 'grnd_level': 1017}"
135423,Shahrud,"{'temp': 273.48, 'feels_like': 270.18, 'temp_min': 273.48, 'temp_max': 273.48, 'pressure': 1029, 'humidity': 85, 'sea_level': 1029, 'grnd_level': 871}"
515879,Oktyabr'skiy,"{'temp': 258.86, 'feels_like': 254.55, 'temp_min': 258.86, 'temp_max': 258.86, 'pressure': 1044, 'humidity': 89, 'sea_level': 1044, 'grnd_level': 1026}"
98182,Baghdad,"{'temp': 280.15, 'feels_like': 277.55, 'temp_min': 280.15, 'temp_max': 280.15, 'pressure': 1021, 'humidity': 87}"
2212775,Sabha,"{'temp': 282.39, 'feels_like': 278.98, 'temp_min': 282.39, 'temp_max': 282.39, 'pressure': 1018, 'humidity': 52, 'sea_level': 1018, 'grnd_level': 968}"
941931,Warrenton,"{'temp': 296.97, 'feels_like': 294.29, 'temp_min': 296.97, 'temp_max': 296.97, 'pressure': 1010, 'humidity': 22, 'sea_level': 1010, 'grnd_level': 883}"
1266029,Kotapārh,"{'temp': 298.38, 'feels_like': 298.15, 'temp_min': 298.38, 'temp_max': 298.38, 'pressure': 1016, 'humidity': 42, 'sea_level': 1016, 'grnd_level': 955}"
464790,Zapolyarnyy,"{'temp': 272.15, 'feels_like': 262.44, 'temp_min': 272.15, 'temp_max': 272.15, 'pressure': 1018, 'humidity': 80}"
1489656,Teya,"{'temp': 245.28, 'feels_like': 240.93, 'temp_min': 245.28, 'temp_max': 245.28, 'pressure': 1029, 'humidity': 84, 'sea_level': 1029, 'grnd_level': 1001}"
1529376,Korla,"{'temp': 272.18, 'feels_like': 268.95, 'temp_min': 272.18, 'temp_max': 272.18, 'pressure': 1030, 'humidity': 86, 'sea_level': 1030, 'grnd_level': 916}"
964712,Plettenberg Bay,"{'temp': 291.97, 'feels_like': 292.73, 'temp_min': 291.97, 'temp_max': 291.97, 'pressure': 1011, 'humidity': 76, 'sea_level': 1011, 'grnd_level': 1005}"
2021992,Klichka,"{'temp': 253.68, 'feels_like': 248.92, 'temp_min': 253.68, 'temp_max': 253.68, 'pressure': 1022, 'humidity': 84, 'sea_level': 1022, 'grnd_level': 923}"
5380437,Pacific Grove,"{'temp': 282.91, 'feels_like': 280.2, 'temp_min': 281.48, 'temp_max': 283.71, 'pressure': 1021, 'humidity': 87}"
3985710,Cabo San Lucas,"{'temp': 295.94, 'feels_like': 296.75, 'temp_min': 295.15, 'temp_max': 296.48, 'pressure': 1016, 'humidity': 88}"
2396518,Port-Gentil,"{'temp': 299.6, 'feels_like': 301.45, 'temp_min': 299.6, 'temp_max': 299.6, 'pressure': 1012, 'humidity': 82, 'sea_level': 1012, 'grnd_level': 1011}"
1629001,Samarinda,"{'temp': 308.37, 'feels_like': 313.2, 'temp_min': 308.37, 'temp_max': 308.37, 'pressure': 1007, 'humidity': 48, 'sea_level': 1007, 'grnd_level': 1006}"
2094027,Kieta,"{'temp': 301.82, 'feels_like': 306.47, 'temp_min': 301.82, 'temp_max': 301.82, 'pressure': 1005, 'humidity': 71, 'sea_level': 1005, 'grnd_level': 1002}"
2253354,Dakar,"{'temp': 294.15, 'feels_like': 288.32, 'temp_min': 294.15, 'temp_max': 294.15, 'pressure': 1013, 'humidity': 35}"
2963295,Killybegs,"{'temp': 280.93, 'feels_like': 279.3, 'temp_min': 280.93, 'temp_max': 280.93, 'pressure': 979, 'humidity': 95}"
1254709,Tezu,"{'temp': 297.32, 'feels_like': 295.99, 'temp_min': 297.32, 'temp_max': 297.32, 'pressure': 1017, 'humidity': 37, 'sea_level': 1017, 'grnd_level': 991}"
6943832,Riviere-au-Renard,"{'temp': 269.15, 'feels_like': 264.6, 'temp_min': 269.15, 'temp_max': 269.15, 'pressure': 1013, 'humidity': 85}"
496358,Severnyy,"{'temp': 264.15, 'feels_like': 258.15, 'temp_min': 264.15, 'temp_max': 264.15, 'pressure': 1029, 'humidity': 78}"
5072006,Lincoln,"{'temp': 276.91, 'feels_like': 270.39, 'temp_min': 276.48, 'temp_max': 277.15, 'pressure': 1015, 'humidity': 69}"
2315417,Inongo,"{'temp': 294.98, 'feels_like': 297.29, 'temp_min': 294.98, 'temp_max': 294.98, 'pressure': 1012, 'humidity': 88, 'sea_level': 1012, 'grnd_level': 977}"
5126555,Melville,"{'temp': 274.14, 'feels_like': 270.73, 'temp_min': 272.15, 'temp_max': 275.93, 'pressure': 1023, 'humidity': 80}"
6446125,Corbeil-Essonnes,"{'temp': 280.75, 'feels_like': 275.26, 'temp_min': 280.15, 'temp_max': 281.15, 'pressure': 994, 'humidity': 93}"
484290,Tarumovka,"{'temp': 277.49, 'feels_like': 269.21, 'temp_min': 277.49, 'temp_max': 277.49, 'pressure': 1029, 'humidity': 71, 'sea_level': 1029, 'grnd_level': 1030}"
3647444,Calabozo,"{'temp': 295.88, 'feels_like': 297.5, 'temp_min': 295.88, 'temp_max': 295.88, 'pressure': 1012, 'humidity': 82, 'sea_level': 1012, 'grnd_level': 1000}"
1804540,Langfang,"{'temp': 276.8, 'feels_like': 272.81, 'temp_min': 275.93, 'temp_max': 278.15, 'pressure': 1022, 'humidity': 27}"
286621,Salalah,"{'temp': 296.15, 'feels_like': 291.08, 'temp_min': 296.15, 'temp_max': 296.15, 'pressure': 1018, 'humidity': 27}"
7082481,Khuzdar,"{'temp': 284.86, 'feels_like': 281.22, 'temp_min': 284.86, 'temp_max': 284.86, 'pressure': 1020, 'humidity': 53, 'sea_level': 1020, 'grnd_level': 882}"
1806840,Huilong,"{'temp': 283.84, 'feels_like': 281.54, 'temp_min': 283.15, 'temp_max': 284.26, 'pressure': 1020, 'humidity': 84}"
5710360,Winnemucca,"{'temp': 272.15, 'feels_like': 265.67, 'temp_min': 272.15, 'temp_max': 272.15, 'pressure': 1013, 'humidity': 58}"
2033135,Zhengjiatun,"{'temp': 264.44, 'feels_like': 259.58, 'temp_min': 264.44, 'temp_max': 264.44, 'pressure': 1024, 'humidity': 86, 'sea_level': 1024, 'grnd_level': 1009}"
3115824,Muros,"{'temp': 288.31, 'feels_like': 288.13, 'temp_min': 287.59, 'temp_max': 288.71, 'pressure': 1008, 'humidity': 95}"
1634614,Nabire,"{'temp': 304.22, 'feels_like': 307.08, 'temp_min': 304.22, 'temp_max': 304.22, 'pressure': 1007, 'humidity': 60, 'sea_level': 1007, 'grnd_level': 1006}"
1526273,Nur-Sultan,"{'temp': 266.15, 'feels_like': 261.85, 'temp_min': 266.15, 'temp_max': 266.15, 'pressure': 1039, 'humidity': 92}"
3105522,Bereda,"{'temp': 287.23, 'feels_like': 284.77, 'temp_min': 285.93, 'temp_max': 288.15, 'pressure': 1007, 'humidity': 100}"
3394023,Natal,"{'temp': 297.67, 'feels_like': 299.91, 'temp_min': 297.15, 'temp_max': 298.15, 'pressure': 1012, 'humidity': 83}"
296852,Erzin,"{'temp': 285.93, 'feels_like': 284.92, 'temp_min': 285.93, 'temp_max': 285.93, 'pressure': 1016, 'humidity': 68}"
3062642,Vodňany,"{'temp': 273.42, 'feels_like': 269.89, 'temp_min': 273.15, 'temp_max': 273.71, 'pressure': 1007, 'humidity': 99, 'sea_level': 1007, 'grnd_level': 959}"
1487332,Verkhnyaya Inta,"{'temp': 264.44, 'feels_like': 254.8, 'temp_min': 264.44, 'temp_max': 264.44, 'pressure': 1026, 'humidity': 95, 'sea_level': 1026, 'grnd_level': 1014}"
2177069,Ballina,"{'temp': 293.21, 'feels_like': 293.1, 'temp_min': 292.04, 'temp_max': 294.15, 'pressure': 1021, 'humidity': 83}"
3691954,Sechura,"{'temp': 294.66, 'feels_like': 293.7, 'temp_min': 294.66, 'temp_max': 294.66, 'pressure': 1014, 'humidity': 76, 'sea_level': 1014, 'grnd_level': 1012}"
3146487,Raudeberg,"{'temp': 279.82, 'feels_like': 275.04, 'temp_min': 279.82, 'temp_max': 279.82, 'pressure': 1003, 'humidity': 59}"
6255012,Flinders,"{'temp': 292.04, 'feels_like': 286.23, 'temp_min': 291.48, 'temp_max': 292.59, 'pressure': 1028, 'humidity': 45}"
3461425,Ilhabela,"{'temp': 295.9, 'feels_like': 297.62, 'temp_min': 295.9, 'temp_max': 295.9, 'pressure': 1013, 'humidity': 87, 'sea_level': 1013, 'grnd_level': 1013}"
3374333,Praia,"{'temp': 295.15, 'feels_like': 293.93, 'temp_min': 295.15, 'temp_max': 295.15, 'pressure': 1016, 'humidity': 73}"
119374,Qeshm,"{'temp': 290.17, 'feels_like': 285.79, 'temp_min': 289.15, 'temp_max': 291.15, 'pressure': 1020, 'humidity': 39}"
3936456,Lima,"{'temp': 292.59, 'feels_like': 290.32, 'temp_min': 292.04, 'temp_max': 293.15, 'pressure': 1015, 'humidity': 77}"
3354077,Opuwo,"{'temp': 291.17, 'feels_like': 288.84, 'temp_min': 291.17, 'temp_max': 291.17, 'pressure': 1013, 'humidity': 28, 'sea_level': 1013, 'grnd_level': 887}"
761218,Przasnysz,"{'temp': 273.5, 'feels_like': 269.31, 'temp_min': 272.59, 'temp_max': 274.82, 'pressure': 1009, 'humidity': 96}"
4556802,Broomall,"{'temp': 274.92, 'feels_like': 271.58, 'temp_min': 271.15, 'temp_max': 277.59, 'pressure': 1024, 'humidity': 80}"
3430443,Necochea,"{'temp': 290.93, 'feels_like': 287.46, 'temp_min': 290.93, 'temp_max': 290.93, 'pressure': 990, 'humidity': 85}"
3832899,Viedma,"{'temp': 289.82, 'feels_like': 288.63, 'temp_min': 289.82, 'temp_max': 289.82, 'pressure': 999, 'humidity': 60}"
3141667,Roald,"{'temp': 278.11, 'feels_like': 271.61, 'temp_min': 275.93, 'temp_max': 280.15, 'pressure': 1004, 'humidity': 52}"
639734,Rauma,"{'temp': 270.15, 'feels_like': 265.12, 'temp_min': 270.15, 'temp_max': 270.15, 'pressure': 1018, 'humidity': 92}"
2015179,Tommot,"{'temp': 243.82, 'feels_like': 239.4, 'temp_min': 243.82, 'temp_max': 243.82, 'pressure': 1032, 'humidity': 84, 'sea_level': 1032, 'grnd_level': 992}"
3381538,Grand-Santi,"{'temp': 295, 'feels_like': 298.82, 'temp_min': 295, 'temp_max': 295, 'pressure': 1011, 'humidity': 97, 'sea_level': 1011, 'grnd_level': 1004}"
4033557,Tautira,"{'temp': 299.99, 'feels_like': 299.09, 'temp_min': 299.82, 'temp_max': 300.15, 'pressure': 1013, 'humidity': 61}"
3934707,Mollendo,"{'temp': 291.31, 'feels_like': 290.89, 'temp_min': 291.31, 'temp_max': 291.31, 'pressure': 1016, 'humidity': 78, 'sea_level': 1016, 'grnd_level': 1004}"
3663142,Novo Aripuanã,"{'temp': 295.36, 'feels_like': 298.93, 'temp_min': 295.36, 'temp_max': 295.36, 'pressure': 1010, 'humidity': 98, 'sea_level': 1010, 'grnd_level': 1007}"
516454,Oblivskaya,"{'temp': 264.66, 'feels_like': 258.16, 'temp_min': 264.66, 'temp_max': 264.66, 'pressure': 1033, 'humidity': 93, 'sea_level': 1033, 'grnd_level': 1025}"
4944903,Nantucket,"{'temp': 277.15, 'feels_like': 273.18, 'temp_min': 277.15, 'temp_max': 277.15, 'pressure': 1022, 'humidity': 69}"
2630299,Hofn,"{'temp': 279.41, 'feels_like': 272.3, 'temp_min': 279.41, 'temp_max': 279.41, 'pressure': 982, 'humidity': 92, 'sea_level': 982, 'grnd_level': 982}"
1519385,Sergeevka,"{'temp': 259.68, 'feels_like': 254.19, 'temp_min': 259.68, 'temp_max': 259.68, 'pressure': 1043, 'humidity': 95, 'sea_level': 1043, 'grnd_level': 1024}"
2156927,Moree,"{'temp': 299.15, 'feels_like': 295.29, 'temp_min': 299.15, 'temp_max': 299.15, 'pressure': 1020, 'humidity': 50}"
2634739,Warrington,"{'temp': 280.82, 'feels_like': 277.76, 'temp_min': 279.82, 'temp_max': 281.48, 'pressure': 983, 'humidity': 100}"
359783,Assiut,"{'temp': 282.15, 'feels_like': 277.64, 'temp_min': 282.15, 'temp_max': 282.15, 'pressure': 1018, 'humidity': 81}"
1504489,Karasuk,"{'temp': 255.03, 'feels_like': 249.21, 'temp_min': 255.03, 'temp_max': 255.03, 'pressure': 1039, 'humidity': 93, 'sea_level': 1039, 'grnd_level': 1024}"
2155562,Nelson Bay,"{'temp': 293.15, 'feels_like': 288.42, 'temp_min': 293.15, 'temp_max': 293.15, 'pressure': 1026, 'humidity': 56}"
572520,Borisoglebskiy,"{'temp': 259.15, 'feels_like': 255.02, 'temp_min': 259.15, 'temp_max': 259.15, 'pressure': 1035, 'humidity': 84}"
3837213,San Juan,"{'temp': 299.09, 'feels_like': 291, 'temp_min': 299.09, 'temp_max': 299.09, 'pressure': 1004, 'humidity': 42, 'sea_level': 1004, 'grnd_level': 933}"
2324433,Abonnema,"{'temp': 297.81, 'feels_like': 302.1, 'temp_min': 297.81, 'temp_max': 297.81, 'pressure': 1012, 'humidity': 92, 'sea_level': 1012, 'grnd_level': 1011}"
3981069,Tres Palos,"{'temp': 293.17, 'feels_like': 295.01, 'temp_min': 293.17, 'temp_max': 293.17, 'pressure': 1016, 'humidity': 86, 'sea_level': 1016, 'grnd_level': 963}"
3346015,Sumbe,"{'temp': 296.69, 'feels_like': 298.83, 'temp_min': 296.69, 'temp_max': 296.69, 'pressure': 1014, 'humidity': 82, 'sea_level': 1014, 'grnd_level': 1013}"
3065873,Slatiňany,"{'temp': 274.58, 'feels_like': 270.47, 'temp_min': 273.15, 'temp_max': 275.37, 'pressure': 1006, 'humidity': 92}"
3457991,Mangaratiba,"{'temp': 295.15, 'feels_like': 297.76, 'temp_min': 295.15, 'temp_max': 295.15, 'pressure': 1013, 'humidity': 88}"
603570,Piteå,"{'temp': 274.15, 'feels_like': 270.19, 'temp_min': 274.15, 'temp_max': 274.15, 'pressure': 1020, 'humidity': 86}"
6113828,Provost,"{'temp': 264.15, 'feels_like': 258.57, 'temp_min': 264.15, 'temp_max': 264.15, 'pressure': 1025, 'humidity': 92, 'sea_level': 1025, 'grnd_level': 941}"
5859699,College,"{'temp': 255.58, 'feels_like': 251.72, 'temp_min': 255.15, 'temp_max': 256.15, 'pressure': 1024, 'humidity': 77}"
2643044,Margate,"{'temp': 281.24, 'feels_like': 278.21, 'temp_min': 280.93, 'temp_max': 281.48, 'pressure': 980, 'humidity': 89}"
2170581,Coolum Beach,"{'temp': 297.38, 'feels_like': 297.36, 'temp_min': 295.93, 'temp_max': 298.71, 'pressure': 1013, 'humidity': 62}"
10722858,Forsytheganj,"{'temp': 273.05, 'feels_like': 266.38, 'temp_min': 273.05, 'temp_max': 273.05, 'pressure': 1021, 'humidity': 98, 'sea_level': 1021, 'grnd_level': 1004}"
2127202,Anadyr,"{'temp': 258.91, 'feels_like': 254.07, 'temp_min': 258.71, 'temp_max': 259.15, 'pressure': 1026, 'humidity': 84}"
2122389,Ossora,"{'temp': 269.14, 'feels_like': 261.01, 'temp_min': 269.14, 'temp_max': 269.14, 'pressure': 1009, 'humidity': 96, 'sea_level': 1009, 'grnd_level': 1009}"
2297810,Mumford,"{'temp': 299.15, 'feels_like': 301.8, 'temp_min': 299.15, 'temp_max': 299.15, 'pressure': 1012, 'humidity': 87, 'sea_level': 1012, 'grnd_level': 1010}"
1045114,Inhambane,"{'temp': 298.92, 'feels_like': 300.28, 'temp_min': 298.71, 'temp_max': 299.15, 'pressure': 1012, 'humidity': 69}"
3902202,Tupiza,"{'temp': 289.33, 'feels_like': 286.8, 'temp_min': 289.33, 'temp_max': 289.33, 'pressure': 1012, 'humidity': 44, 'sea_level': 1012, 'grnd_level': 722}"
3894426,Coyhaique,"{'temp': 282.15, 'feels_like': 280.32, 'temp_min': 282.15, 'temp_max': 282.15, 'pressure': 1004, 'humidity': 76}"
2070998,Geraldton,"{'temp': 303.15, 'feels_like': 301.44, 'temp_min': 303.15, 'temp_max': 303.15, 'pressure': 1005, 'humidity': 42}"
4576822,Dorchester,"{'temp': 278.85, 'feels_like': 276.82, 'temp_min': 278.15, 'temp_max': 279.15, 'pressure': 1022, 'humidity': 100}"
3445026,Vila Velha,"{'temp': 297.73, 'feels_like': 301.81, 'temp_min': 296.15, 'temp_max': 299.26, 'pressure': 1013, 'humidity': 94}"
1571058,Phan Thiet,"{'temp': 301.12, 'feels_like': 304.97, 'temp_min': 301.12, 'temp_max': 301.12, 'pressure': 1010, 'humidity': 79, 'sea_level': 1010, 'grnd_level': 1009}"
4174600,Sweetwater,"{'temp': 289.88, 'feels_like': 287.86, 'temp_min': 288.15, 'temp_max': 292.15, 'pressure': 1022, 'humidity': 55}"
3439378,Juan de Ayolas,"{'temp': 294.38, 'feels_like': 293.26, 'temp_min': 294.38, 'temp_max': 294.38, 'pressure': 1004, 'humidity': 61, 'sea_level': 1004, 'grnd_level': 997}"
1168312,Pasni,"{'temp': 294.62, 'feels_like': 287.28, 'temp_min': 294.62, 'temp_max': 294.62, 'pressure': 1018, 'humidity': 48, 'sea_level': 1018, 'grnd_level': 1017}"
3347019,Mossamedes,"{'temp': 291.35, 'feels_like': 290.86, 'temp_min': 291.35, 'temp_max': 291.35, 'pressure': 1013, 'humidity': 78, 'sea_level': 1013, 'grnd_level': 1011}"
582105,Andreapol',"{'temp': 269.2, 'feels_like': 263.76, 'temp_min': 269.2, 'temp_max': 269.2, 'pressure': 1026, 'humidity': 96, 'sea_level': 1026, 'grnd_level': 998}"
1260335,Pārdi,"{'temp': 294.15, 'feels_like': 294.84, 'temp_min': 294.15, 'temp_max': 294.15, 'pressure': 1016, 'humidity': 100}"
525426,Sobolevo,"{'temp': 270.49, 'feels_like': 263.54, 'temp_min': 270.49, 'temp_max': 270.49, 'pressure': 1026, 'humidity': 94, 'sea_level': 1026, 'grnd_level': 1002}"
3420846,Qaqortoq,"{'temp': 263.15, 'feels_like': 258.09, 'temp_min': 263.15, 'temp_max': 263.15, 'pressure': 1005, 'humidity': 43}"
4021858,Guerrero Negro,"{'temp': 288.94, 'feels_like': 285.01, 'temp_min': 288.94, 'temp_max': 288.94, 'pressure': 1018, 'humidity': 79, 'sea_level': 1018, 'grnd_level': 1018}"
6071876,Melfort,"{'temp': 264.15, 'feels_like': 258.85, 'temp_min': 264.15, 'temp_max': 264.15, 'pressure': 1021, 'humidity': 85, 'sea_level': 1021, 'grnd_level': 964}"
4019219,Agua Verde,"{'temp': 295.51, 'feels_like': 297.72, 'temp_min': 294.15, 'temp_max': 296.48, 'pressure': 1015, 'humidity': 83}"
877747,Mtwara,"{'temp': 301.15, 'feels_like': 301.46, 'temp_min': 301.15, 'temp_max': 301.15, 'pressure': 1013, 'humidity': 78}"
3386213,Touros,"{'temp': 297.15, 'feels_like': 301.68, 'temp_min': 297.15, 'temp_max': 297.15, 'pressure': 1012, 'humidity': 94}"
1272783,Dhemāji,"{'temp': 295.15, 'feels_like': 295.25, 'temp_min': 295.15, 'temp_max': 295.15, 'pressure': 1017, 'humidity': 68}"
1688696,San Policarpo,"{'temp': 302.51, 'feels_like': 305.91, 'temp_min': 302.51, 'temp_max': 302.51, 'pressure': 1009, 'humidity': 71, 'sea_level': 1009, 'grnd_level': 1009}"
58933,Garoowe,"{'temp': 296.06, 'feels_like': 289.84, 'temp_min': 296.06, 'temp_max': 296.06, 'pressure': 1017, 'humidity': 24, 'sea_level': 1017, 'grnd_level': 965}"
3576994,Cockburn Town,"{'temp': 298.05, 'feels_like': 296.15, 'temp_min': 298.05, 'temp_max': 298.05, 'pressure': 1018, 'humidity': 78, 'sea_level': 1018, 'grnd_level': 1017}"
1863997,Fukuechō,"{'temp': 287.15, 'feels_like': 284.03, 'temp_min': 287.15, 'temp_max': 287.15, 'pressure': 1017, 'humidity': 58}"
1168226,Pattoki,"{'temp': 294.26, 'feels_like': 291.65, 'temp_min': 294.26, 'temp_max': 294.26, 'pressure': 1016, 'humidity': 34, 'sea_level': 1016, 'grnd_level': 994}"
866301,Vozrozhdeniye,"{'temp': 271.48, 'feels_like': 268.27, 'temp_min': 271.48, 'temp_max': 271.48, 'pressure': 1018, 'humidity': 79}"
1862505,Hirara,"{'temp': 297.56, 'feels_like': 299.45, 'temp_min': 297.15, 'temp_max': 298.15, 'pressure': 1013, 'humidity': 94}"
1486321,Yar-Sale,"{'temp': 258.08, 'feels_like': 250.43, 'temp_min': 258.08, 'temp_max': 258.08, 'pressure': 1023, 'humidity': 94, 'sea_level': 1023, 'grnd_level': 1022}"
3906466,Riberalta,"{'temp': 294.74, 'feels_like': 298.41, 'temp_min': 294.74, 'temp_max': 294.74, 'pressure': 1010, 'humidity': 98, 'sea_level': 1010, 'grnd_level': 996}"
5418104,Cortez,"{'temp': 272.24, 'feels_like': 268.5, 'temp_min': 272.04, 'temp_max': 272.59, 'pressure': 1013, 'humidity': 92}"
3870243,Taltal,"{'temp': 287.75, 'feels_like': 287.73, 'temp_min': 287.75, 'temp_max': 287.75, 'pressure': 1016, 'humidity': 78, 'sea_level': 1016, 'grnd_level': 1013}"
2027786,Amga,"{'temp': 235.84, 'feels_like': 231.59, 'temp_min': 235.84, 'temp_max': 235.84, 'pressure': 1033, 'humidity': 81, 'sea_level': 1033, 'grnd_level': 1010}"
2021613,Krasnorechenskiy,"{'temp': 266.3, 'feels_like': 261.1, 'temp_min': 266.3, 'temp_max': 266.3, 'pressure': 1016, 'humidity': 91, 'sea_level': 1016, 'grnd_level': 955}"
3419842,Sisimiut,"{'temp': 267.15, 'feels_like': 260.79, 'temp_min': 267.15, 'temp_max': 267.15, 'pressure': 1006, 'humidity': 93, 'sea_level': 1006, 'grnd_level': 1006}"
3448903,São João da Barra,"{'temp': 294.81, 'feels_like': 297.4, 'temp_min': 294.81, 'temp_max': 294.81, 'pressure': 1013, 'humidity': 92, 'sea_level': 1013, 'grnd_level': 1013}"
2313002,Matadi,"{'temp': 297.68, 'feels_like': 302.09, 'temp_min': 297.68, 'temp_max': 297.68, 'pressure': 1013, 'humidity': 88, 'sea_level': 1013, 'grnd_level': 1012}"
2142316,Yeppoon,"{'temp': 303.15, 'feels_like': 300.04, 'temp_min': 303.15, 'temp_max': 303.15, 'pressure': 1014, 'humidity': 35}"
5505411,Henderson,"{'temp': 284.18, 'feels_like': 280.03, 'temp_min': 284.15, 'temp_max': 284.26, 'pressure': 1014, 'humidity': 25}"
1258795,Rājula,"{'temp': 296.26, 'feels_like': 297.61, 'temp_min': 296.26, 'temp_max': 296.26, 'pressure': 1015, 'humidity': 81, 'sea_level': 1015, 'grnd_level': 1010}"
6173220,Valleyview,"{'temp': 265.15, 'feels_like': 260, 'temp_min': 265.15, 'temp_max': 265.15, 'pressure': 1023, 'humidity': 92, 'sea_level': 1023, 'grnd_level': 939}"
602150,Umeå,"{'temp': 272.9, 'feels_like': 268.26, 'temp_min': 272.59, 'temp_max': 273.15, 'pressure': 1019, 'humidity': 95}"
3421765,Nanortalik,"{'temp': 269.12, 'feels_like': 265.15, 'temp_min': 269.12, 'temp_max': 269.12, 'pressure': 1005, 'humidity': 81, 'sea_level': 1005, 'grnd_level': 1004}"
2982972,Romilly-sur-Seine,"{'temp': 277.24, 'feels_like': 272.18, 'temp_min': 276.48, 'temp_max': 278.15, 'pressure': 996, 'humidity': 93}"
1640576,Kefamenanu,"{'temp': 305.77, 'feels_like': 306.88, 'temp_min': 305.77, 'temp_max': 305.77, 'pressure': 1007, 'humidity': 50, 'sea_level': 1007, 'grnd_level': 962}"
4033356,Tiarei,"{'temp': 299.99, 'feels_like': 299.09, 'temp_min': 299.82, 'temp_max': 300.15, 'pressure': 1013, 'humidity': 61}"
3994863,Nombre de Dios,"{'temp': 285.93, 'feels_like': 284.4, 'temp_min': 285.93, 'temp_max': 285.93, 'pressure': 1024, 'humidity': 70}"
6147353,Sicamous,"{'temp': 272.59, 'feels_like': 269.45, 'temp_min': 272.59, 'temp_max': 272.59, 'pressure': 1016, 'humidity': 97}"
64013,Bosaso,"{'temp': 299.15, 'feels_like': 300.46, 'temp_min': 299.15, 'temp_max': 299.15, 'pressure': 1015, 'humidity': 74}"
4013679,Coahuayana Viejo,"{'temp': 295.27, 'feels_like': 297.12, 'temp_min': 295.27, 'temp_max': 295.27, 'pressure': 1016, 'humidity': 80, 'sea_level': 1016, 'grnd_level': 1014}"
2032201,Bulgan,"{'temp': 258.13, 'feels_like': 254.05, 'temp_min': 258.13, 'temp_max': 258.13, 'pressure': 1025, 'humidity': 81, 'sea_level': 1025, 'grnd_level': 877}"
3374235,Sal Rei,"{'temp': 294.15, 'feels_like': 291.79, 'temp_min': 294.15, 'temp_max': 294.15, 'pressure': 1016, 'humidity': 73}"
3545981,Niquero,"{'temp': 294.75, 'feels_like': 291.79, 'temp_min': 294.75, 'temp_max': 294.75, 'pressure': 1017, 'humidity': 78, 'sea_level': 1017, 'grnd_level': 1016}"
986717,Kruisfontein,"{'temp': 292.04, 'feels_like': 294.33, 'temp_min': 292.04, 'temp_max': 292.04, 'pressure': 1010, 'humidity': 92}"
3454005,Piaçabuçu,"{'temp': 298.06, 'feels_like': 298.91, 'temp_min': 298.06, 'temp_max': 298.06, 'pressure': 1014, 'humidity': 77, 'sea_level': 1014, 'grnd_level': 1013}"
3381041,Mana,"{'temp': 298.07, 'feels_like': 300.83, 'temp_min': 298.07, 'temp_max': 298.07, 'pressure': 1011, 'humidity': 88, 'sea_level': 1011, 'grnd_level': 1011}"
4471851,Hope Mills,"{'temp': 277.37, 'feels_like': 274.32, 'temp_min': 276.15, 'temp_max': 279.15, 'pressure': 1023, 'humidity': 81}"
3369174,Calvinia,"{'temp': 284.43, 'feels_like': 282, 'temp_min': 284.43, 'temp_max': 284.43, 'pressure': 1013, 'humidity': 72, 'sea_level': 1013, 'grnd_level': 901}"
3441890,Departamento de Maldonado,"{'temp': 297.15, 'feels_like': 295.05, 'temp_min': 297.15, 'temp_max': 297.15, 'pressure': 1003, 'humidity': 60}"
88319,Benghazi,"{'temp': 289.56, 'feels_like': 284.88, 'temp_min': 289.56, 'temp_max': 289.56, 'pressure': 1015, 'humidity': 56, 'sea_level': 1015, 'grnd_level': 1015}"
2025630,Chara,"{'temp': 248.75, 'feels_like': 244.55, 'temp_min': 248.75, 'temp_max': 248.75, 'pressure': 1028, 'humidity': 85, 'sea_level': 1028, 'grnd_level': 934}"
2035601,Mergen,"{'temp': 259.29, 'feels_like': 252.45, 'temp_min': 259.29, 'temp_max': 259.29, 'pressure': 1017, 'humidity': 85, 'sea_level': 1017, 'grnd_level': 987}"
5793272,East Wenatchee Bench,"{'temp': 273.38, 'feels_like': 270.09, 'temp_min': 272.59, 'temp_max': 274.26, 'pressure': 1017, 'humidity': 86}"
2357012,Ouargaye,"{'temp': 296.41, 'feels_like': 292.43, 'temp_min': 296.41, 'temp_max': 296.41, 'pressure': 1012, 'humidity': 24, 'sea_level': 1012, 'grnd_level': 979}"
1263807,Maner,"{'temp': 287.15, 'feels_like': 286.35, 'temp_min': 287.15, 'temp_max': 287.15, 'pressure': 1017, 'humidity': 93}"
1529484,Kumul,"{'temp': 271.11, 'feels_like': 266.47, 'temp_min': 271.11, 'temp_max': 271.11, 'pressure': 1031, 'humidity': 77, 'sea_level': 1031, 'grnd_level': 940}"
3356832,Henties Bay,"{'temp': 289.82, 'feels_like': 290.67, 'temp_min': 289.82, 'temp_max': 289.82, 'pressure': 1015, 'humidity': 87}"
3133472,Hellvik,"{'temp': 278.89, 'feels_like': 275.77, 'temp_min': 278.71, 'temp_max': 279.26, 'pressure': 996, 'humidity': 60}"
3462383,Goianápolis,"{'temp': 293.66, 'feels_like': 295.9, 'temp_min': 292.15, 'temp_max': 295.15, 'pressure': 1016, 'humidity': 83}"
2094144,Kerema,"{'temp': 301.49, 'feels_like': 303.97, 'temp_min': 301.49, 'temp_max': 301.49, 'pressure': 1008, 'humidity': 76, 'sea_level': 1008, 'grnd_level': 1006}"
1526038,Atbasar,"{'temp': 258, 'feels_like': 253.77, 'temp_min': 258, 'temp_max': 258, 'pressure': 1045, 'humidity': 94, 'sea_level': 1045, 'grnd_level': 1007}"
2963155,Kinsale,"{'temp': 281.15, 'feels_like': 278.27, 'temp_min': 281.15, 'temp_max': 281.15, 'pressure': 982, 'humidity': 93}"
712515,Beloye,"{'temp': 267.88, 'feels_like': 260.88, 'temp_min': 267.88, 'temp_max': 267.88, 'pressure': 1029, 'humidity': 92, 'sea_level': 1029, 'grnd_level': 1021}"
2017842,Pokosnoye,"{'temp': 256.99, 'feels_like': 251.73, 'temp_min': 256.99, 'temp_max': 256.99, 'pressure': 1025, 'humidity': 92, 'sea_level': 1025, 'grnd_level': 969}"
885800,Mount Darwin,"{'temp': 294.23, 'feels_like': 296.9, 'temp_min': 294.23, 'temp_max': 294.23, 'pressure': 1014, 'humidity': 88, 'sea_level': 1014, 'grnd_level': 909}"
6167125,Tobermory,"{'temp': 278.15, 'feels_like': 273.95, 'temp_min': 278.15, 'temp_max': 278.15, 'pressure': 1014, 'humidity': 93, 'sea_level': 1014, 'grnd_level': 991}"
5495360,Tucumcari,"{'temp': 277.15, 'feels_like': 271.05, 'temp_min': 277.15, 'temp_max': 277.15, 'pressure': 1012, 'humidity': 55}"
536440,Lechinkay,"{'temp': 271.04, 'feels_like': 267.93, 'temp_min': 270.93, 'temp_max': 271.15, 'pressure': 1023, 'humidity': 92}"
286245,Sur,"{'temp': 297.2, 'feels_like': 292.57, 'temp_min': 297.2, 'temp_max': 297.2, 'pressure': 1018, 'humidity': 52, 'sea_level': 1018, 'grnd_level': 1018}"
2290462,Danané,"{'temp': 293.99, 'feels_like': 297.47, 'temp_min': 293.99, 'temp_max': 293.99, 'pressure': 1013, 'humidity': 98, 'sea_level': 1013, 'grnd_level': 973}"
4228452,Villa Rica,"{'temp': 280.24, 'feels_like': 277.47, 'temp_min': 278.15, 'temp_max': 284.15, 'pressure': 1021, 'humidity': 53}"
3397893,Itacoatiara,"{'temp': 296.72, 'feels_like': 300.59, 'temp_min': 296.72, 'temp_max': 296.72, 'pressure': 1009, 'humidity': 91, 'sea_level': 1009, 'grnd_level': 1007}"
